sku,productType,modelNumber,price,color,released,description,reviewScore,reviewCount,ramSize,ramType,storageSize,storageType,cpu,cpuCores,gpuCores,weight,screenRatio,screenSize
1,computers,AuroraOne-VX-Z10-16G512G-BLK,1499.99,BLK,2024-11-12,"Computers AuroraOne VX with 16GB and 512GB, Z10 CPU.",4.5,1073,16GB,DDR5,512GB,NVMe SSD,Z10,10,12,1.62,1.6,14.2
2,computers,AuroraOne-VX-Z10-32G1T-GRY,1799.99,GRY,2025-03-02,"Computers AuroraOne VX with 32GB and 1TB, Z10 CPU.",4.6,1844,32GB,DDR5,1TB,NVMe SSD,Z10,10,12,1.78,1.6,15.0
3,computers,AuroraOne-Pro-X9-16G256G-SIL,1299.99,SIL,2024-08-25,"Computers AuroraOne Pro with 16GB and 256GB, X9 CPU.",4.3,922,16GB,DDR5,256GB,SSD,X9,8,10,1.47,1.5,13.6
4,computers,AuroraOne-Pro-X9-24G512G-BLU,1449.99,BLU,2025-01-10,"Computers AuroraOne Pro with 24GB and 512GB, X9 CPU.",4.4,1512,24GB,DDR5,512GB,NVMe SSD,X9,8,10,1.55,1.5,14.0
5,computers,TerraBook-Q7-M2-8G256G-GRN,1099.99,GRN,2024-10-07,"Computers TerraBook Q7 with 8GB and 256GB, M2 CPU.",4.1,678,8GB,DDR5,256GB,SSD,M2,10,16,1.38,1.6,13.3
6,computers,TerraBook-Q7-M2-16G512G-RED,1299.99,RED,2025-04-05,"Computers TerraBook Q7 with 16GB and 512GB, M2 CPU.",4.2,1333,16GB,DDR5,512GB,NVMe SSD,M2,10,16,1.52,1.6,14.1
7,computers,TerraBook-Air-Z10-24G1T-SIL,1699.99,SIL,2025-05-18,"Computers TerraBook Air with 24GB and 1TB, Z10 CPU.",4.5,2014,24GB,DDR5,1TB,NVMe SSD,Z10,10,12,1.61,1.6,14.3
8,computers,PulseAir-MX-X7-16G512G-MBL,1199.99,MBL,2024-12-21,"Computers PulseAir MX with 16GB and 512GB, X7 CPU.",4.0,814,16GB,DDR5,512GB,SSD,X7,8,8,1.45,1.6,13.8
9,computers,PulseAir-MX-X7-32G1T-GRY,1499.99,GRY,2024-09-02,"Computers PulseAir MX with 32GB and 1TB, X7 CPU.",4.1,980,32GB,DDR5,1TB,NVMe SSD,X7,8,8,1.73,1.6,15.4
10,computers,ZenForge-SE-A16-16G256G-SIL,1149.99,SIL,2025-06-03,"Computers ZenForge SE with 16GB and 256GB, A16 CPU.",4.2,1254,16GB,DDR5,256GB,SSD,A16,6,5,1.36,1.6,13.2
11,computers,ZenForge-SE-A16-24G512G-BLK,1299.99,BLK,2024-07-16,"Computers ZenForge SE with 24GB and 512GB, A16 CPU.",4.2,1107,24GB,DDR5,512GB,NVMe SSD,A16,6,5,1.51,1.6,14.0
12,computers,VectorPro-Pro-M3-16G512G-GLD,1599.99,GLD,2024-11-28,"Computers VectorPro Pro with 16GB and 512GB, M3 CPU.",4.6,2098,16GB,DDR5,512GB,NVMe SSD,M3,12,18,1.63,1.5,14.6
13,computers,VectorPro-Pro-M3-32G1T-BLU,1899.99,BLU,2025-02-12,"Computers VectorPro Pro with 32GB and 1TB, M3 CPU.",4.7,2387,32GB,DDR5,1TB,NVMe SSD,M3,12,18,1.79,1.5,15.2
14,computers,QuantumEdge-VX-Z10-24G1T-GRN,1749.99,GRN,2024-10-19,"Computers QuantumEdge VX with 24GB and 1TB, Z10 CPU.",4.5,1765,24GB,DDR5,1TB,NVMe SSD,Z10,10,12,1.68,1.6,14.9
15,computers,QuantumEdge-VX-Z10-32G2T-SIL,2099.99,SIL,2025-03-22,"Computers QuantumEdge VX with 32GB and 2TB, Z10 CPU.",4.6,2451,32GB,DDR5,2TB,NVMe SSD,Z10,10,12,1.86,1.6,16.0
16,computers,AuroraOne-Air-X9-24G512G-GRY,1399.99,GRY,2024-08-11,"Computers AuroraOne Air with 24GB and 512GB, X9 CPU.",4.3,1044,24GB,DDR5,512GB,NVMe SSD,X9,8,10,1.49,1.5,13.9
17,computers,AuroraOne-Air-X9-32G1T-SIL,1649.99,SIL,2025-01-27,"Computers AuroraOne Air with 32GB and 1TB, X9 CPU.",4.4,1622,32GB,DDR5,1TB,NVMe SSD,X9,8,10,1.64,1.5,14.7
18,computers,TerraBook-Pro-M2-16G1T-BLK,1399.99,BLK,2024-12-04,"Computers TerraBook Pro with 16GB and 1TB, M2 CPU.",4.2,1320,16GB,DDR5,1TB,NVMe SSD,M2,10,16,1.58,1.6,14.4
19,computers,TerraBook-Pro-M2-32G2T-RED,1799.99,RED,2025-04-27,"Computers TerraBook Pro with 32GB and 2TB, M2 CPU.",4.3,1752,32GB,DDR5,2TB,NVMe SSD,M2,10,16,1.84,1.6,15.9
20,computers,PulseAir-Q7-X7-8G256G-SIL,999.99,SIL,2024-09-21,"Computers PulseAir Q7 with 8GB and 256GB, X7 CPU.",4.0,701,8GB,DDR5,256GB,SSD,X7,8,8,1.32,1.6,13.1
21,tablets,NovaTab-MX-A17-8G128G-BLU,449.99,BLU,2025-02-01,"Tablets NovaTab MX with 8GB and 128GB, A17 CPU.",4.3,958,8GB,LPDDR5,128GB,SSD,A17,6,6,0.56,1.333,11.4
22,tablets,NovaTab-MX-A17-12G256G-SIL,549.99,SIL,2024-11-06,"Tablets NovaTab MX with 12GB and 256GB, A17 CPU.",4.4,1120,12GB,LPDDR5,256GB,SSD,A17,6,6,0.62,1.333,12.2
23,tablets,AstraPad-SE-A16-4G64G-GRY,299.99,GRY,2024-07-29,"Tablets AstraPad SE with 4GB and 64GB, A16 CPU.",4.0,533,4GB,LPDDR5,64GB,SSD,A16,6,5,0.48,1.6,10.5
24,tablets,AstraPad-SE-A16-8G128G-RED,349.99,RED,2024-10-18,"Tablets AstraPad SE with 8GB and 128GB, A16 CPU.",4.1,606,8GB,LPDDR5,128GB,SSD,A16,6,5,0.52,1.6,11.0
25,tablets,LyraNote-Air-Z10-12G256G-SIL,629.99,SIL,2025-05-07,"Tablets LyraNote Air with 12GB and 256GB, Z10 CPU.",4.5,874,12GB,LPDDR5,256GB,SSD,Z10,10,12,0.66,1.6,12.7
26,tablets,LyraNote-Air-Z10-16G512G-BLK,749.99,BLK,2024-12-14,"Tablets LyraNote Air with 16GB and 512GB, Z10 CPU.",4.6,990,16GB,LPDDR5,512GB,SSD,Z10,10,12,0.71,1.6,12.9
27,tablets,OrionPad-VX-X9-8G128G-BLU,469.99,BLU,2025-03-19,"Tablets OrionPad VX with 8GB and 128GB, X9 CPU.",4.2,812,8GB,LPDDR5,128GB,SSD,X9,8,10,0.58,1.333,11.3
28,tablets,OrionPad-VX-X9-12G256G-GRN,549.99,GRN,2024-09-10,"Tablets OrionPad VX with 12GB and 256GB, X9 CPU.",4.3,905,12GB,LPDDR5,256GB,SSD,X9,8,10,0.63,1.333,11.8
29,tablets,VertexSlate-Pro-M2-8G256G-SIL,579.99,SIL,2025-01-31,"Tablets VertexSlate Pro with 8GB and 256GB, M2 CPU.",4.3,1012,8GB,LPDDR5,256GB,SSD,M2,10,16,0.65,1.6,12.5
30,tablets,VertexSlate-Pro-M2-12G512G-GRY,699.99,GRY,2024-11-23,"Tablets VertexSlate Pro with 12GB and 512GB, M2 CPU.",4.4,1188,12GB,LPDDR5,512GB,SSD,M2,10,16,0.72,1.6,12.9
31,tablets,NovaTab-SE-A16-8G128G-GLD,359.99,GLD,2025-06-09,"Tablets NovaTab SE with 8GB and 128GB, A16 CPU.",4.1,642,8GB,LPDDR5,128GB,SSD,A16,6,5,0.53,1.6,11.2
32,tablets,NovaTab-SE-A16-12G256G-BLK,449.99,BLK,2024-08-04,"Tablets NovaTab SE with 12GB and 256GB, A16 CPU.",4.2,799,12GB,LPDDR5,256GB,SSD,A16,6,5,0.59,1.6,11.9
33,tablets,AstraPad-Pro-A17-8G256G-BLU,529.99,BLU,2024-10-29,"Tablets AstraPad Pro with 8GB and 256GB, A17 CPU.",4.3,880,8GB,LPDDR5,256GB,SSD,A17,6,6,0.61,1.333,11.6
34,tablets,AstraPad-Pro-A17-12G512G-SIL,679.99,SIL,2025-03-07,"Tablets AstraPad Pro with 12GB and 512GB, A17 CPU.",4.4,1041,12GB,LPDDR5,512GB,SSD,A17,6,6,0.70,1.333,12.3
35,tablets,OrionPad-Air-X7-8G128G-GRY,429.99,GRY,2024-12-08,"Tablets OrionPad Air with 8GB and 128GB, X7 CPU.",4.1,718,8GB,LPDDR5,128GB,SSD,X7,8,8,0.55,1.6,11.0
36,tablets,OrionPad-Air-X7-12G256G-RED,519.99,RED,2025-04-22,"Tablets OrionPad Air with 12GB and 256GB, X7 CPU.",4.2,847,12GB,LPDDR5,256GB,SSD,X7,8,8,0.60,1.6,11.6
37,phones,OrbitPhone-VX-A17-8G128G-BLK,699.99,BLK,2025-02-18,"Phones OrbitPhone VX with 8GB and 128GB, A17 CPU.",4.4,2119,8GB,LPDDR5,128GB,UFS 4.0,A17,6,6,0.19,2.167,6.3
38,phones,OrbitPhone-VX-A17-12G256G-BLU,799.99,BLU,2024-11-17,"Phones OrbitPhone VX with 12GB and 256GB, A17 CPU.",4.5,2544,12GB,LPDDR5,256GB,UFS 4.0,A17,6,6,0.20,2.222,6.5
39,phones,NeonWave-Pro-A16-6G128G-GRY,599.99,GRY,2024-08-09,"Phones NeonWave Pro with 6GB and 128GB, A16 CPU.",4.2,1733,6GB,LPDDR5,128GB,UFS 3.1,A16,6,5,0.17,2.167,6.1
40,phones,NeonWave-Pro-A16-8G256G-SIL,679.99,SIL,2025-03-29,"Phones NeonWave Pro with 8GB and 256GB, A16 CPU.",4.3,1895,8GB,LPDDR5,256GB,UFS 4.0,A16,6,5,0.18,2.222,6.4
41,phones,EchoMini-SE-X7-6G128G-RED,549.99,RED,2024-10-13,"Phones EchoMini SE with 6GB and 128GB, X7 CPU.",4.1,1452,6GB,LPDDR5,128GB,UFS 3.1,X7,8,8,0.16,2.167,6.0
42,phones,EchoMini-SE-X7-8G256G-GRN,619.99,GRN,2025-05-02,"Phones EchoMini SE with 8GB and 256GB, X7 CPU.",4.2,1687,8GB,LPDDR5,256GB,UFS 4.0,X7,8,8,0.17,2.222,6.3
43,phones,VeloMax-Air-Z10-8G256G-SIL,829.99,SIL,2025-06-06,"Phones VeloMax Air with 8GB and 256GB, Z10 CPU.",4.6,2621,8GB,LPDDR5,256GB,UFS 4.0,Z10,10,12,0.20,2.167,6.5
44,phones,VeloMax-Air-Z10-12G512G-BLK,949.99,BLK,2024-12-27,"Phones VeloMax Air with 12GB and 512GB, Z10 CPU.",4.7,3015,12GB,LPDDR5,512GB,UFS 4.0,Z10,10,12,0.21,2.222,6.7
45,phones,Spectra-MX-X9-8G256G-BLU,749.99,BLU,2024-09-06,"Phones Spectra MX with 8GB and 256GB, X9 CPU.",4.4,2250,8GB,LPDDR5,256GB,UFS 4.0,X9,8,10,0.19,2.222,6.4
46,phones,Spectra-MX-X9-12G512G-GRY,899.99,GRY,2025-01-20,"Phones Spectra MX with 12GB and 512GB, X9 CPU.",4.5,2478,12GB,LPDDR5,512GB,UFS 4.0,X9,8,10,0.20,2.167,6.6
47,computers,ZenForge-Air-A16-16G512G-GLD,1299.99,GLD,2024-08-22,"Computers ZenForge Air with 16GB and 512GB, A16 CPU.",4.2,990,16GB,DDR5,512GB,NVMe SSD,A16,6,5,1.48,1.5,13.7
48,computers,ZenForge-Air-A16-24G1T-BLK,1499.99,BLK,2025-02-26,"Computers ZenForge Air with 24GB and 1TB, A16 CPU.",4.3,1214,24GB,DDR5,1TB,NVMe SSD,A16,6,5,1.61,1.5,14.5
49,computers,VectorPro-Air-M3-16G1T-SIL,1699.99,SIL,2024-11-03,"Computers VectorPro Air with 16GB and 1TB, M3 CPU.",4.6,2110,16GB,DDR5,1TB,NVMe SSD,M3,12,18,1.66,1.5,14.8
50,computers,VectorPro-Air-M3-32G2T-GRY,1999.99,GRY,2025-04-15,"Computers VectorPro Air with 32GB and 2TB, M3 CPU.",4.7,2599,32GB,DDR5,2TB,NVMe SSD,M3,12,18,1.88,1.5,15.9
51,tablets,VertexSlate-Air-M2-8G128G-GRN,499.99,GRN,2024-07-31,"Tablets VertexSlate Air with 8GB and 128GB, M2 CPU.",4.2,702,8GB,LPDDR5,128GB,SSD,M2,10,16,0.57,1.6,11.5
52,tablets,VertexSlate-Air-M2-12G256G-BLK,579.99,BLK,2025-03-26,"Tablets VertexSlate Air with 12GB and 256GB, M2 CPU.",4.3,881,12GB,LPDDR5,256GB,SSD,M2,10,16,0.63,1.6,12.1
53,phones,OrbitPhone-SE-A17-8G256G-SIL,769.99,SIL,2024-10-02,"Phones OrbitPhone SE with 8GB and 256GB, A17 CPU.",4.5,2310,8GB,LPDDR5,256GB,UFS 4.0,A17,6,6,0.19,2.222,6.4
54,phones,OrbitPhone-SE-A17-12G512G-RED,899.99,RED,2025-05-11,"Phones OrbitPhone SE with 12GB and 512GB, A17 CPU.",4.6,2727,12GB,LPDDR5,512GB,UFS 4.0,A17,6,6,0.21,2.167,6.6
55,computers,PulseAir-Pro-X7-16G256G-BLU,1099.99,BLU,2024-09-25,"Computers PulseAir Pro with 16GB and 256GB, X7 CPU.",4.1,820,16GB,DDR5,256GB,SSD,X7,8,8,1.41,1.6,13.5
56,computers,PulseAir-Pro-X7-24G512G-GRY,1299.99,GRY,2025-01-14,"Computers PulseAir Pro with 24GB and 512GB, X7 CPU.",4.2,997,24GB,DDR5,512GB,NVMe SSD,X7,8,8,1.56,1.6,14.2
57,tablets,NovaTab-Air-A16-8G256G-SIL,419.99,SIL,2025-02-24,"Tablets NovaTab Air with 8GB and 256GB, A16 CPU.",4.2,768,8GB,LPDDR5,256GB,SSD,A16,6,5,0.60,1.6,12.0
58,tablets,NovaTab-Air-A16-12G512G-BLK,539.99,BLK,2024-12-18,"Tablets NovaTab Air with 12GB and 512GB, A16 CPU.",4.3,948,12GB,LPDDR5,512GB,SSD,A16,6,5,0.68,1.6,12.6
59,phones,NeonWave-Air-A16-6G256G-GRN,639.99,GRN,2024-08-15,"Phones NeonWave Air with 6GB and 256GB, A16 CPU.",4.2,1604,6GB,LPDDR5,256GB,UFS 3.1,A16,6,5,0.18,2.167,6.2
60,phones,NeonWave-Air-A16-8G512G-BLU,759.99,BLU,2025-03-12,"Phones NeonWave Air with 8GB and 512GB, A16 CPU.",4.3,1889,8GB,LPDDR5,512GB,UFS 4.0,A16,6,5,0.20,2.222,6.5
61,computers,QuantumEdge-Air-Z10-24G1T-SIL,1699.99,SIL,2024-11-25,"Computers QuantumEdge Air with 24GB and 1TB, Z10 CPU.",4.5,1833,24GB,DDR5,1TB,NVMe SSD,Z10,10,12,1.66,1.6,14.7
62,computers,QuantumEdge-Air-Z10-32G2T-BLK,2049.99,BLK,2025-04-30,"Computers QuantumEdge Air with 32GB and 2TB, Z10 CPU.",4.6,2407,32GB,DDR5,2TB,NVMe SSD,Z10,10,12,1.87,1.6,15.8
63,tablets,AstraPad-Air-A17-8G128G-GRY,469.99,GRY,2024-10-21,"Tablets AstraPad Air with 8GB and 128GB, A17 CPU.",4.3,826,8GB,LPDDR5,128GB,SSD,A17,6,6,0.58,1.333,11.4
64,tablets,AstraPad-Air-A17-12G256G-GLD,559.99,GLD,2025-05-25,"Tablets AstraPad Air with 12GB and 256GB, A17 CPU.",4.4,1005,12GB,LPDDR5,256GB,SSD,A17,6,6,0.64,1.333,12.1
65,phones,EchoMini-Pro-X7-6G256G-SIL,599.99,SIL,2024-12-02,"Phones EchoMini Pro with 6GB and 256GB, X7 CPU.",4.1,1507,6GB,LPDDR5,256GB,UFS 3.1,X7,8,8,0.17,2.167,6.1
66,phones,EchoMini-Pro-X7-8G512G-BLK,699.99,BLK,2025-06-01,"Phones EchoMini Pro with 8GB and 512GB, X7 CPU.",4.2,1786,8GB,LPDDR5,512GB,UFS 4.0,X7,8,8,0.19,2.222,6.4
67,computers,AuroraOne-SE-X9-16G512G-GRY,1399.99,GRY,2024-07-27,"Computers AuroraOne SE with 16GB and 512GB, X9 CPU.",4.3,1118,16GB,DDR5,512GB,NVMe SSD,X9,8,10,1.53,1.5,14.1
68,computers,AuroraOne-SE-X9-24G1T-SIL,1599.99,SIL,2025-02-08,"Computers AuroraOne SE with 24GB and 1TB, X9 CPU.",4.4,1467,24GB,DDR5,1TB,NVMe SSD,X9,8,10,1.66,1.5,14.9
69,tablets,OrionPad-SE-X9-8G256G-RED,499.99,RED,2024-09-14,"Tablets OrionPad SE with 8GB and 256GB, X9 CPU.",4.2,790,8GB,LPDDR5,256GB,SSD,X9,8,10,0.59,1.333,11.7
70,tablets,OrionPad-SE-X9-12G512G-BLU,619.99,BLU,2025-03-15,"Tablets OrionPad SE with 12GB and 512GB, X9 CPU.",4.3,973,12GB,LPDDR5,512GB,SSD,X9,8,10,0.69,1.333,12.4
71,phones,VeloMax-SE-Z10-8G256G-GRY,849.99,GRY,2024-11-08,"Phones VeloMax SE with 8GB and 256GB, Z10 CPU.",4.6,2539,8GB,LPDDR5,256GB,UFS 4.0,Z10,10,12,0.20,2.167,6.5
72,phones,VeloMax-SE-Z10-12G512G-GLD,979.99,GLD,2025-04-18,"Phones VeloMax SE with 12GB and 512GB, Z10 CPU.",4.7,2958,12GB,LPDDR5,512GB,UFS 4.0,Z10,10,12,0.22,2.222,6.7
73,computers,TerraBook-Air-M2-8G512G-BLK,1199.99,BLK,2024-08-01,"Computers TerraBook Air with 8GB and 512GB, M2 CPU.",4.1,845,8GB,DDR5,512GB,SSD,M2,10,16,1.44,1.6,13.6
74,computers,TerraBook-Air-M2-16G1T-GRN,1399.99,GRN,2025-01-30,"Computers TerraBook Air with 16GB and 1TB, M2 CPU.",4.2,1206,16GB,DDR5,1TB,NVMe SSD,M2,10,16,1.58,1.6,14.4
75,tablets,LyraNote-SE-Z10-12G512G-SIL,729.99,SIL,2024-12-25,"Tablets LyraNote SE with 12GB and 512GB, Z10 CPU.",4.6,1002,12GB,LPDDR5,512GB,SSD,Z10,10,12,0.73,1.6,12.9
76,tablets,LyraNote-SE-Z10-16G1T-GRY,859.99,GRY,2025-05-29,"Tablets LyraNote SE with 16GB and 1TB, Z10 CPU.",4.7,1195,16GB,LPDDR5,1TB,SSD,Z10,10,12,0.77,1.6,13.0
77,phones,Spectra-Air-X9-8G128G-RED,699.99,RED,2024-09-19,"Phones Spectra Air with 8GB and 128GB, X9 CPU.",4.4,2178,8GB,LPDDR5,128GB,UFS 3.1,X9,8,10,0.18,2.222,6.3
78,phones,Spectra-Air-X9-12G256G-BLK,789.99,BLK,2025-03-05,"Phones Spectra Air with 12GB and 256GB, X9 CPU.",4.5,2396,12GB,LPDDR5,256GB,UFS 4.0,X9,8,10,0.19,2.167,6.5
79,computers,VectorPro-SE-M3-24G1T-SIL,1799.99,SIL,2024-11-30,"Computers VectorPro SE with 24GB and 1TB, M3 CPU.",4.6,2261,24GB,DDR5,1TB,NVMe SSD,M3,12,18,1.72,1.5,15.1
80,computers,VectorPro-SE-M3-32G2T-GRY,2099.99,GRY,2025-04-10,"Computers VectorPro SE with 32GB and 2TB, M3 CPU.",4.7,2684,32GB,DDR5,2TB,NVMe SSD,M3,12,18,1.90,1.5,16.0
81,tablets,VertexSlate-MX-M2-8G256G-BLU,559.99,BLU,2024-10-11,"Tablets VertexSlate MX with 8GB and 256GB, M2 CPU.",4.3,899,8GB,LPDDR5,256GB,SSD,M2,10,16,0.64,1.6,12.3
82,tablets,VertexSlate-MX-M2-12G512G-GLD,689.99,GLD,2025-02-28,"Tablets VertexSlate MX with 12GB and 512GB, M2 CPU.",4.4,1110,12GB,LPDDR5,512GB,SSD,M2,10,16,0.71,1.6,12.8
83,phones,OrbitPhone-Air-A17-8G128G-GRY,719.99,GRY,2024-12-06,"Phones OrbitPhone Air with 8GB and 128GB, A17 CPU.",4.5,2199,8GB,LPDDR5,128GB,UFS 4.0,A17,6,6,0.19,2.167,6.3
84,phones,OrbitPhone-Air-A17-12G256G-SIL,819.99,SIL,2025-06-05,"Phones OrbitPhone Air with 12GB and 256GB, A17 CPU.",4.6,2582,12GB,LPDDR5,256GB,UFS 4.0,A17,6,6,0.20,2.222,6.6
85,computers,QuantumEdge-SE-Z10-16G512G-BLK,1599.99,BLK,2024-08-28,"Computers QuantumEdge SE with 16GB and 512GB, Z10 CPU.",4.5,1704,16GB,DDR5,512GB,NVMe SSD,Z10,10,12,1.60,1.6,14.5
86,computers,QuantumEdge-SE-Z10-24G1T-GRN,1799.99,GRN,2025-02-21,"Computers QuantumEdge SE with 24GB and 1TB, Z10 CPU.",4.6,1995,24GB,DDR5,1TB,NVMe SSD,Z10,10,12,1.71,1.6,15.1
87,tablets,NovaTab-Pro-A17-8G256G-BLK,519.99,BLK,2024-09-26,"Tablets NovaTab Pro with 8GB and 256GB, A17 CPU.",4.3,940,8GB,LPDDR5,256GB,SSD,A17,6,6,0.62,1.333,11.8
88,tablets,NovaTab-Pro-A17-12G512G-SIL,669.99,SIL,2025-03-24,"Tablets NovaTab Pro with 12GB and 512GB, A17 CPU.",4.4,1097,12GB,LPDDR5,512GB,SSD,A17,6,6,0.70,1.333,12.4
89,phones,NeonWave-SE-A16-6G128G-GRY,589.99,GRY,2024-10-31,"Phones NeonWave SE with 6GB and 128GB, A16 CPU.",4.2,1579,6GB,LPDDR5,128GB,UFS 3.1,A16,6,5,0.17,2.167,6.1
90,phones,NeonWave-SE-A16-8G256G-BLU,669.99,BLU,2025-05-20,"Phones NeonWave SE with 8GB and 256GB, A16 CPU.",4.3,1860,8GB,LPDDR5,256GB,UFS 4.0,A16,6,5,0.18,2.222,6.4
91,computers,PulseAir-Air-X7-16G512G-SIL,1199.99,SIL,2024-12-10,"Computers PulseAir Air with 16GB and 512GB, X7 CPU.",4.1,876,16GB,DDR5,512GB,SSD,X7,8,8,1.46,1.6,13.9
92,computers,PulseAir-Air-X7-24G1T-GRY,1399.99,GRY,2025-04-13,"Computers PulseAir Air with 24GB and 1TB, X7 CPU.",4.2,1119,24GB,DDR5,1TB,NVMe SSD,X7,8,8,1.60,1.6,14.6
93,tablets,AstraPad-MX-A16-8G128G-RED,349.99,RED,2024-08-06,"Tablets AstraPad MX with 8GB and 128GB, A16 CPU.",4.1,688,8GB,LPDDR5,128GB,SSD,A16,6,5,0.54,1.6,11.1
94,tablets,AstraPad-MX-A16-12G256G-GRN,429.99,GRN,2025-01-09,"Tablets AstraPad MX with 12GB and 256GB, A16 CPU.",4.2,814,12GB,LPDDR5,256GB,SSD,A16,6,5,0.60,1.6,11.7
95,phones,EchoMini-Air-X7-6G128G-GLD,559.99,GLD,2024-12-29,"Phones EchoMini Air with 6GB and 128GB, X7 CPU.",4.1,1489,6GB,LPDDR5,128GB,UFS 3.1,X7,8,8,0.16,2.167,6.0
96,phones,EchoMini-Air-X7-8G256G-BLK,639.99,BLK,2025-06-08,"Phones EchoMini Air with 8GB and 256GB, X7 CPU.",4.2,1761,8GB,LPDDR5,256GB,UFS 4.0,X7,8,8,0.18,2.222,6.3
97,computers,ZenForge-Pro-A16-16G1T-SIL,1399.99,SIL,2024-09-08,"Computers ZenForge Pro with 16GB and 1TB, A16 CPU.",4.3,1176,16GB,DDR5,1TB,NVMe SSD,A16,6,5,1.57,1.5,14.6
98,computers,ZenForge-Pro-A16-24G2T-GRY,1699.99,GRY,2025-02-03,"Computers ZenForge Pro with 24GB and 2TB, A16 CPU.",4.4,1510,24GB,DDR5,2TB,NVMe SSD,A16,6,5,1.82,1.5,15.8
99,tablets,VertexSlate-SE-M2-8G256G-SIL,549.99,SIL,2024-11-20,"Tablets VertexSlate SE with 8GB and 256GB, M2 CPU.",4.3,915,8GB,LPDDR5,256GB,SSD,M2,10,16,0.66,1.6,12.4
100,tablets,VertexSlate-SE-M2-12G512G-GRY,679.99,GRY,2025-04-01,"Tablets VertexSlate SE with 12GB and 512GB, M2 CPU.",4.4,1099,12GB,LPDDR5,512GB,SSD,M2,10,16,0.73,1.6,12.9
101,phones,Spectra-SE-X9-8G256G-GRN,769.99,GRN,2024-10-24,"Phones Spectra SE with 8GB and 256GB, X9 CPU.",4.5,2333,8GB,LPDDR5,256GB,UFS 4.0,X9,8,10,0.19,2.222,6.5
102,phones,Spectra-SE-X9-12G512G-SIL,899.99,SIL,2025-05-15,"Phones Spectra SE with 12GB and 512GB, X9 CPU.",4.6,2590,12GB,LPDDR5,512GB,UFS 4.0,X9,8,10,0.20,2.167,6.7
103,computers,VectorPro-MX-M3-16G512G-BLK,1699.99,BLK,2024-08-19,"Computers VectorPro MX with 16GB and 512GB, M3 CPU.",4.6,2198,16GB,DDR5,512GB,NVMe SSD,M3,12,18,1.65,1.5,14.7
104,computers,VectorPro-MX-M3-32G1T-GLD,1949.99,GLD,2025-03-10,"Computers VectorPro MX with 32GB and 1TB, M3 CPU.",4.7,2517,32GB,DDR5,1TB,NVMe SSD,M3,12,18,1.80,1.5,15.3
105,tablets,OrionPad-Pro-X9-8G256G-RED,539.99,RED,2024-12-12,"Tablets OrionPad Pro with 8GB and 256GB, X9 CPU.",4.3,936,8GB,LPDDR5,256GB,SSD,X9,8,10,0.63,1.333,11.9
106,tablets,OrionPad-Pro-X9-12G512G-BLU,659.99,BLU,2025-06-04,"Tablets OrionPad Pro with 12GB and 512GB, X9 CPU.",4.4,1118,12GB,LPDDR5,512GB,SSD,X9,8,10,0.71,1.333,12.6
107,phones,VeloMax-Pro-Z10-8G256G-GRY,889.99,GRY,2024-11-01,"Phones VeloMax Pro with 8GB and 256GB, Z10 CPU.",4.7,2780,8GB,LPDDR5,256GB,UFS 4.0,Z10,10,12,0.21,2.167,6.6
108,phones,VeloMax-Pro-Z10-12G512G-GLD,999.99,GLD,2025-04-26,"Phones VeloMax Pro with 12GB and 512GB, Z10 CPU.",4.8,3094,12GB,LPDDR5,512GB,UFS 4.0,Z10,10,12,0.22,2.222,6.8
109,computers,TerraBook-MX-M2-8G256G-SIL,1099.99,SIL,2024-09-12,"Computers TerraBook MX with 8GB and 256GB, M2 CPU.",4.1,767,8GB,DDR5,256GB,SSD,M2,10,16,1.39,1.6,13.4
110,computers,TerraBook-MX-M2-16G512G-BLK,1299.99,BLK,2025-02-15,"Computers TerraBook MX with 16GB and 512GB, M2 CPU.",4.2,1148,16GB,DDR5,512GB,NVMe SSD,M2,10,16,1.53,1.6,14.2
111,tablets,LyraNote-Pro-Z10-12G256G-GRY,649.99,GRY,2024-10-16,"Tablets LyraNote Pro with 12GB and 256GB, Z10 CPU.",4.6,921,12GB,LPDDR5,256GB,SSD,Z10,10,12,0.68,1.6,12.6
112,tablets,LyraNote-Pro-Z10-16G512G-SIL,779.99,SIL,2025-03-02,"Tablets LyraNote Pro with 16GB and 512GB, Z10 CPU.",4.7,1102,16GB,LPDDR5,512GB,SSD,Z10,10,12,0.75,1.6,13.0
113,phones,Spectra-Pro-X9-8G256G-BLK,789.99,BLK,2024-12-23,"Phones Spectra Pro with 8GB and 256GB, X9 CPU.",4.5,2412,8GB,LPDDR5,256GB,UFS 4.0,X9,8,10,0.20,2.222,6.5
114,phones,Spectra-Pro-X9-12G512G-BLU,919.99,BLU,2025-05-31,"Phones Spectra Pro with 12GB and 512GB, X9 CPU.",4.6,2688,12GB,LPDDR5,512GB,UFS 4.0,X9,8,10,0.21,2.167,6.7
115,computers,QuantumEdge-Pro-Z10-24G1T-GRY,1749.99,GRY,2024-08-13,"Computers QuantumEdge Pro with 24GB and 1TB, Z10 CPU.",4.6,1899,24GB,DDR5,1TB,NVMe SSD,Z10,10,12,1.69,1.6,14.9
116,computers,QuantumEdge-Pro-Z10-32G2T-SIL,2099.99,SIL,2025-02-05,"Computers QuantumEdge Pro with 32GB and 2TB, Z10 CPU.",4.7,2431,32GB,DDR5,2TB,NVMe SSD,Z10,10,12,1.88,1.6,16.1
117,tablets,NovaTab-VX-A16-8G128G-GLD,369.99,GLD,2024-11-26,"Tablets NovaTab VX with 8GB and 128GB, A16 CPU.",4.1,704,8GB,LPDDR5,128GB,SSD,A16,6,5,0.55,1.6,11.3
118,tablets,NovaTab-VX-A16-12G256G-BLK,449.99,BLK,2025-04-08,"Tablets NovaTab VX with 12GB and 256GB, A16 CPU.",4.2,854,12GB,LPDDR5,256GB,SSD,A16,6,5,0.61,1.6,11.9
119,phones,NeonWave-MX-A16-6G128G-SIL,579.99,SIL,2024-09-01,"Phones NeonWave MX with 6GB and 128GB, A16 CPU.",4.2,1540,6GB,LPDDR5,128GB,UFS 3.1,A16,6,5,0.17,2.167,6.1
120,phones,NeonWave-MX-A16-8G256G-GRY,659.99,GRY,2025-03-28,"Phones NeonWave MX with 8GB and 256GB, A16 CPU.",4.3,1822,8GB,LPDDR5,256GB,UFS 4.0,A16,6,5,0.19,2.222,6.4
121,computers,AuroraOne-MX-X9-16G512G-RED,1399.99,RED,2024-10-09,"Computers AuroraOne MX with 16GB and 512GB, X9 CPU.",4.3,1194,16GB,DDR5,512GB,NVMe SSD,X9,8,10,1.54,1.5,14.2
122,computers,AuroraOne-MX-X9-24G1T-GRN,1599.99,GRN,2025-05-06,"Computers AuroraOne MX with 24GB and 1TB, X9 CPU.",4.4,1472,24GB,DDR5,1TB,NVMe SSD,X9,8,10,1.68,1.5,15.0
123,tablets,AstraPad-SE-A16-8G256G-SIL,389.99,SIL,2024-12-16,"Tablets AstraPad SE with 8GB and 256GB, A16 CPU.",4.1,724,8GB,LPDDR5,256GB,SSD,A16,6,5,0.57,1.6,11.5
124,tablets,AstraPad-SE-A16-12G512G-GRY,499.99,GRY,2025-06-02,"Tablets AstraPad SE with 12GB and 512GB, A16 CPU.",4.2,902,12GB,LPDDR5,512GB,SSD,A16,6,5,0.66,1.6,12.2
125,phones,EchoMini-MX-X7-6G128G-BLU,569.99,BLU,2024-09-23,"Phones EchoMini MX with 6GB and 128GB, X7 CPU.",4.1,1521,6GB,LPDDR5,128GB,UFS 3.1,X7,8,8,0.16,2.167,6.0
126,phones,EchoMini-MX-X7-8G256G-GLD,649.99,GLD,2025-04-04,"Phones EchoMini MX with 8GB and 256GB, X7 CPU.",4.2,1798,8GB,LPDDR5,256GB,UFS 4.0,X7,8,8,0.18,2.222,6.3
127,computers,ZenForge-MX-A16-16G512G-BLK,1299.99,BLK,2024-11-14,"Computers ZenForge MX with 16GB and 512GB, A16 CPU.",4.2,1011,16GB,DDR5,512GB,NVMe SSD,A16,6,5,1.50,1.5,13.8
128,computers,ZenForge-MX-A16-24G1T-SIL,1499.99,SIL,2025-03-21,"Computers ZenForge MX with 24GB and 1TB, A16 CPU.",4.3,1292,24GB,DDR5,1TB,NVMe SSD,A16,6,5,1.63,1.5,14.6
129,tablets,VertexSlate-VX-M2-8G256G-BLK,569.99,BLK,2024-10-27,"Tablets VertexSlate VX with 8GB and 256GB, M2 CPU.",4.3,931,8GB,LPDDR5,256GB,SSD,M2,10,16,0.65,1.6,12.4
130,tablets,VertexSlate-VX-M2-12G512G-GRN,699.99,GRN,2025-05-14,"Tablets VertexSlate VX with 12GB and 512GB, M2 CPU.",4.4,1127,12GB,LPDDR5,512GB,SSD,M2,10,16,0.73,1.6,12.9
131,phones,Spectra-Air2-X9-8G256G-SIL,779.99,SIL,2024-12-20,"Phones Spectra Air2 with 8GB and 256GB, X9 CPU.",4.5,2360,8GB,LPDDR5,256GB,UFS 4.0,X9,8,10,0.20,2.167,6.5
132,phones,Spectra-Air2-X9-12G512G-GRY,909.99,GRY,2025-06-07,"Phones Spectra Air2 with 12GB and 512GB, X9 CPU.",4.6,2615,12GB,LPDDR5,512GB,UFS 4.0,X9,8,10,0.21,2.222,6.7
133,computers,AuroraOne-VX-Z10-16G512G-GRY,1499.99,GRY,2024-10-17,"Computers AuroraOne VX with 16GB and 512GB, Z10 CPU.",4.5,1931,16GB,DDR5,512GB,NVMe SSD,Z10,10,12,1.61,1.6,14.2
134,computers,AuroraOne-VX-Z10-32G1T-SIL,1799.99,SIL,2025-02-24,"Computers AuroraOne VX with 32GB and 1TB, Z10 CPU.",4.6,2214,32GB,DDR5,1TB,NVMe SSD,Z10,10,12,1.78,1.6,15.1
135,computers,AuroraOne-Pro-X9-24G512G-BLK,1399.99,BLK,2024-08-03,"Computers AuroraOne Pro with 24GB and 512GB, X9 CPU.",4.3,1012,24GB,DDR5,512GB,NVMe SSD,X9,8,10,1.52,1.5,14.0
136,computers,AuroraOne-Pro-X9-32G1T-RED,1599.99,RED,2024-12-29,"Computers AuroraOne Pro with 32GB and 1TB, X9 CPU.",4.4,1328,32GB,DDR5,1TB,NVMe SSD,X9,8,10,1.67,1.5,14.8
137,computers,TerraBook-Q7-M2-8G256G-SIL,1099.99,SIL,2024-11-07,"Computers TerraBook Q7 with 8GB and 256GB, M2 CPU.",4.1,742,8GB,DDR5,256GB,SSD,M2,10,16,1.37,1.6,13.3
138,computers,TerraBook-Q7-M2-16G512G-GRY,1299.99,GRY,2025-03-14,"Computers TerraBook Q7 with 16GB and 512GB, M2 CPU.",4.2,1205,16GB,DDR5,512GB,NVMe SSD,M2,10,16,1.53,1.6,14.1
139,computers,TerraBook-Air-Z10-24G1T-BLU,1699.99,BLU,2025-05-09,"Computers TerraBook Air with 24GB and 1TB, Z10 CPU.",4.5,2056,24GB,DDR5,1TB,NVMe SSD,Z10,10,12,1.63,1.6,14.4
140,computers,PulseAir-MX-X7-16G512G-GLD,1199.99,GLD,2024-09-15,"Computers PulseAir MX with 16GB and 512GB, X7 CPU.",4.0,807,16GB,DDR5,512GB,SSD,X7,8,8,1.44,1.6,13.8
141,computers,PulseAir-MX-X7-32G1T-GRN,1499.99,GRN,2025-01-22,"Computers PulseAir MX with 32GB and 1TB, X7 CPU.",4.1,962,32GB,DDR5,1TB,NVMe SSD,X7,8,8,1.72,1.6,15.3
142,computers,ZenForge-SE-A16-16G256G-SIL,1149.99,SIL,2024-07-21,"Computers ZenForge SE with 16GB and 256GB, A16 CPU.",4.2,998,16GB,DDR5,256GB,SSD,A16,6,5,1.35,1.6,13.1
143,computers,ZenForge-SE-A16-24G512G-BLK,1299.99,BLK,2024-11-30,"Computers ZenForge SE with 24GB and 512GB, A16 CPU.",4.2,1207,24GB,DDR5,512GB,NVMe SSD,A16,6,5,1.50,1.6,14.0
144,computers,VectorPro-Pro-M3-16G512G-GRY,1599.99,GRY,2024-12-18,"Computers VectorPro Pro with 16GB and 512GB, M3 CPU.",4.6,2140,16GB,DDR5,512GB,NVMe SSD,M3,12,18,1.64,1.5,14.6
145,computers,VectorPro-Pro-M3-32G1T-SIL,1899.99,SIL,2025-04-01,"Computers VectorPro Pro with 32GB and 1TB, M3 CPU.",4.7,2368,32GB,DDR5,1TB,NVMe SSD,M3,12,18,1.79,1.5,15.2
146,computers,QuantumEdge-VX-Z10-24G1T-MBL,1749.99,MBL,2024-10-05,"Computers QuantumEdge VX with 24GB and 1TB, Z10 CPU.",4.5,1714,24GB,DDR5,1TB,NVMe SSD,Z10,10,12,1.67,1.6,14.9
147,computers,QuantumEdge-VX-Z10-32G2T-SIL,2099.99,SIL,2025-03-18,"Computers QuantumEdge VX with 32GB and 2TB, Z10 CPU.",4.6,2487,32GB,DDR5,2TB,NVMe SSD,Z10,10,12,1.87,1.6,16.0
148,computers,AuroraOne-Air-X9-24G512G-GRY,1399.99,GRY,2024-08-27,"Computers AuroraOne Air with 24GB and 512GB, X9 CPU.",4.3,1088,24GB,DDR5,512GB,NVMe SSD,X9,8,10,1.48,1.5,13.9
149,computers,AuroraOne-Air-X9-32G1T-BLU,1649.99,BLU,2025-02-08,"Computers AuroraOne Air with 32GB and 1TB, X9 CPU.",4.4,1663,32GB,DDR5,1TB,NVMe SSD,X9,8,10,1.63,1.5,14.7
150,computers,TerraBook-Pro-M2-16G1T-GLD,1399.99,GLD,2024-11-13,"Computers TerraBook Pro with 16GB and 1TB, M2 CPU.",4.2,1291,16GB,DDR5,1TB,NVMe SSD,M2,10,16,1.57,1.6,14.4
151,computers,TerraBook-Pro-M2-32G2T-BLK,1799.99,BLK,2025-05-03,"Computers TerraBook Pro with 32GB and 2TB, M2 CPU.",4.3,1724,32GB,DDR5,2TB,NVMe SSD,M2,10,16,1.83,1.6,15.9
152,computers,PulseAir-Q7-X7-8G256G-SIL,999.99,SIL,2024-09-09,"Computers PulseAir Q7 with 8GB and 256GB, X7 CPU.",4.0,729,8GB,DDR5,256GB,SSD,X7,8,8,1.31,1.6,13.1
153,tablets,NovaTab-MX-A17-8G128G-GRY,449.99,GRY,2025-01-26,"Tablets NovaTab MX with 8GB and 128GB, A17 CPU.",4.3,934,8GB,LPDDR5,128GB,SSD,A17,6,6,0.56,1.333,11.4
154,tablets,NovaTab-MX-A17-12G256G-RED,549.99,RED,2024-10-25,"Tablets NovaTab MX with 12GB and 256GB, A17 CPU.",4.4,1146,12GB,LPDDR5,256GB,SSD,A17,6,6,0.62,1.333,12.2
155,tablets,AstraPad-SE-A16-4G64G-SIL,299.99,SIL,2024-07-18,"Tablets AstraPad SE with 4GB and 64GB, A16 CPU.",4.0,547,4GB,LPDDR5,64GB,SSD,A16,6,5,0.47,1.6,10.5
156,tablets,AstraPad-SE-A16-8G128G-GRN,349.99,GRN,2024-11-16,"Tablets AstraPad SE with 8GB and 128GB, A16 CPU.",4.1,603,8GB,LPDDR5,128GB,SSD,A16,6,5,0.52,1.6,11.0
157,tablets,LyraNote-Air-Z10-12G256G-BLK,629.99,BLK,2025-05-13,"Tablets LyraNote Air with 12GB and 256GB, Z10 CPU.",4.5,893,12GB,LPDDR5,256GB,SSD,Z10,10,12,0.66,1.6,12.7
158,tablets,LyraNote-Air-Z10-16G512G-BLU,749.99,BLU,2024-12-09,"Tablets LyraNote Air with 16GB and 512GB, Z10 CPU.",4.6,1018,16GB,LPDDR5,512GB,SSD,Z10,10,12,0.71,1.6,12.9
159,tablets,OrionPad-VX-X9-8G128G-GRY,469.99,GRY,2025-03-02,"Tablets OrionPad VX with 8GB and 128GB, X9 CPU.",4.2,825,8GB,LPDDR5,128GB,SSD,X9,8,10,0.58,1.333,11.3
160,tablets,OrionPad-VX-X9-12G256G-GLD,549.99,GLD,2024-09-18,"Tablets OrionPad VX with 12GB and 256GB, X9 CPU.",4.3,899,12GB,LPDDR5,256GB,SSD,X9,8,10,0.63,1.333,11.8
161,tablets,VertexSlate-Pro-M2-8G256G-MBL,579.99,MBL,2025-02-06,"Tablets VertexSlate Pro with 8GB and 256GB, M2 CPU.",4.3,1007,8GB,LPDDR5,256GB,SSD,M2,10,16,0.65,1.6,12.5
162,tablets,VertexSlate-Pro-M2-12G512G-SIL,699.99,SIL,2024-11-10,"Tablets VertexSlate Pro with 12GB and 512GB, M2 CPU.",4.4,1194,12GB,LPDDR5,512GB,SSD,M2,10,16,0.72,1.6,12.9
163,tablets,NovaTab-SE-A16-8G128G-BLK,359.99,BLK,2025-06-04,"Tablets NovaTab SE with 8GB and 128GB, A16 CPU.",4.1,661,8GB,LPDDR5,128GB,SSD,A16,6,5,0.53,1.6,11.2
164,tablets,NovaTab-SE-A16-12G256G-RED,449.99,RED,2024-08-01,"Tablets NovaTab SE with 12GB and 256GB, A16 CPU.",4.2,781,12GB,LPDDR5,256GB,SSD,A16,6,5,0.59,1.6,11.9
165,tablets,AstraPad-Pro-A17-8G256G-GRY,529.99,GRY,2024-10-20,"Tablets AstraPad Pro with 8GB and 256GB, A17 CPU.",4.3,892,8GB,LPDDR5,256GB,SSD,A17,6,6,0.61,1.333,11.6
166,tablets,AstraPad-Pro-A17-12G512G-GLD,679.99,GLD,2025-03-10,"Tablets AstraPad Pro with 12GB and 512GB, A17 CPU.",4.4,1038,12GB,LPDDR5,512GB,SSD,A17,6,6,0.70,1.333,12.3
167,tablets,OrionPad-Air-X7-8G128G-SIL,429.99,SIL,2024-12-14,"Tablets OrionPad Air with 8GB and 128GB, X7 CPU.",4.1,731,8GB,LPDDR5,128GB,SSD,X7,8,8,0.55,1.6,11.0
168,tablets,OrionPad-Air-X7-12G256G-GRN,519.99,GRN,2025-05-01,"Tablets OrionPad Air with 12GB and 256GB, X7 CPU.",4.2,868,12GB,LPDDR5,256GB,SSD,X7,8,8,0.60,1.6,11.6
169,phones,OrbitPhone-VX-A17-8G128G-BLK,699.99,BLK,2025-01-31,"Phones OrbitPhone VX with 8GB and 128GB, A17 CPU.",4.4,2126,8GB,LPDDR5,128GB,UFS 4.0,A17,6,6,0.19,2.167,6.3
170,phones,OrbitPhone-VX-A17-12G256G-GRY,799.99,GRY,2024-11-09,"Phones OrbitPhone VX with 12GB and 256GB, A17 CPU.",4.5,2566,12GB,LPDDR5,256GB,UFS 4.0,A17,6,6,0.20,2.222,6.5
171,phones,NeonWave-Pro-A16-6G128G-SIL,599.99,SIL,2024-08-06,"Phones NeonWave Pro with 6GB and 128GB, A16 CPU.",4.2,1721,6GB,LPDDR5,128GB,UFS 3.1,A16,6,5,0.17,2.167,6.1
172,phones,NeonWave-Pro-A16-8G256G-BLU,679.99,BLU,2025-03-21,"Phones NeonWave Pro with 8GB and 256GB, A16 CPU.",4.3,1907,8GB,LPDDR5,256GB,UFS 4.0,A16,6,5,0.18,2.222,6.4
173,phones,EchoMini-SE-X7-6G128G-GRN,549.99,GRN,2024-10-02,"Phones EchoMini SE with 6GB and 128GB, X7 CPU.",4.1,1478,6GB,LPDDR5,128GB,UFS 3.1,X7,8,8,0.16,2.167,6.0
174,phones,EchoMini-SE-X7-8G256G-SIL,619.99,SIL,2025-04-28,"Phones EchoMini SE with 8GB and 256GB, X7 CPU.",4.2,1715,8GB,LPDDR5,256GB,UFS 4.0,X7,8,8,0.17,2.222,6.3
175,phones,VeloMax-Air-Z10-8G256G-GRY,829.99,GRY,2025-06-06,"Phones VeloMax Air with 8GB and 256GB, Z10 CPU.",4.6,2643,8GB,LPDDR5,256GB,UFS 4.0,Z10,10,12,0.20,2.167,6.5
176,phones,VeloMax-Air-Z10-12G512G-RED,949.99,RED,2024-12-23,"Phones VeloMax Air with 12GB and 512GB, Z10 CPU.",4.7,3036,12GB,LPDDR5,512GB,UFS 4.0,Z10,10,12,0.21,2.222,6.7
177,phones,Spectra-MX-X9-8G256G-BLK,749.99,BLK,2024-09-12,"Phones Spectra MX with 8GB and 256GB, X9 CPU.",4.4,2269,8GB,LPDDR5,256GB,UFS 4.0,X9,8,10,0.19,2.222,6.4
178,phones,Spectra-MX-X9-12G512G-GLD,899.99,GLD,2025-02-17,"Phones Spectra MX with 12GB and 512GB, X9 CPU.",4.5,2491,12GB,LPDDR5,512GB,UFS 4.0,X9,8,10,0.20,2.167,6.6
179,computers,ZenForge-Air-A16-16G512G-GRY,1299.99,GRY,2024-08-24,"Computers ZenForge Air with 16GB and 512GB, A16 CPU.",4.2,1029,16GB,DDR5,512GB,NVMe SSD,A16,6,5,1.47,1.5,13.7
180,computers,ZenForge-Air-A16-24G1T-SIL,1499.99,SIL,2025-03-01,"Computers ZenForge Air with 24GB and 1TB, A16 CPU.",4.3,1242,24GB,DDR5,1TB,NVMe SSD,A16,6,5,1.60,1.5,14.5
181,computers,VectorPro-Air-M3-16G1T-BLK,1699.99,BLK,2024-11-05,"Computers VectorPro Air with 16GB and 1TB, M3 CPU.",4.6,2133,16GB,DDR5,1TB,NVMe SSD,M3,12,18,1.65,1.5,14.8
182,computers,VectorPro-Air-M3-32G2T-GRN,1999.99,GRN,2025-04-12,"Computers VectorPro Air with 32GB and 2TB, M3 CPU.",4.7,2603,32GB,DDR5,2TB,NVMe SSD,M3,12,18,1.88,1.5,15.9
183,tablets,VertexSlate-Air-M2-8G128G-RED,499.99,RED,2024-07-30,"Tablets VertexSlate Air with 8GB and 128GB, M2 CPU.",4.2,713,8GB,LPDDR5,128GB,SSD,M2,10,16,0.57,1.6,11.5
184,tablets,VertexSlate-Air-M2-12G256G-SIL,579.99,SIL,2025-03-24,"Tablets VertexSlate Air with 12GB and 256GB, M2 CPU.",4.3,893,12GB,LPDDR5,256GB,SSD,M2,10,16,0.63,1.6,12.1
185,phones,OrbitPhone-SE-A17-8G256G-GRY,769.99,GRY,2024-10-07,"Phones OrbitPhone SE with 8GB and 256GB, A17 CPU.",4.5,2322,8GB,LPDDR5,256GB,UFS 4.0,A17,6,6,0.19,2.222,6.4
186,phones,OrbitPhone-SE-A17-12G512G-MBL,899.99,MBL,2025-05-05,"Phones OrbitPhone SE with 12GB and 512GB, A17 CPU.",4.6,2744,12GB,LPDDR5,512GB,UFS 4.0,A17,6,6,0.21,2.167,6.6
187,computers,PulseAir-Pro-X7-16G256G-GRN,1099.99,GRN,2024-09-22,"Computers PulseAir Pro with 16GB and 256GB, X7 CPU.",4.1,804,16GB,DDR5,256GB,SSD,X7,8,8,1.40,1.6,13.5
188,computers,PulseAir-Pro-X7-24G512G-SIL,1299.99,SIL,2025-01-18,"Computers PulseAir Pro with 24GB and 512GB, X7 CPU.",4.2,1004,24GB,DDR5,512GB,NVMe SSD,X7,8,8,1.55,1.6,14.2
189,tablets,NovaTab-Air-A16-8G256G-GRY,419.99,GRY,2025-02-20,"Tablets NovaTab Air with 8GB and 256GB, A16 CPU.",4.2,784,8GB,LPDDR5,256GB,SSD,A16,6,5,0.59,1.6,12.0
190,tablets,NovaTab-Air-A16-12G512G-GLD,539.99,GLD,2024-12-15,"Tablets NovaTab Air with 12GB and 512GB, A16 CPU.",4.3,961,12GB,LPDDR5,512GB,SSD,A16,6,5,0.67,1.6,12.6
191,phones,NeonWave-Air-A16-6G256G-BLK,639.99,BLK,2024-08-18,"Phones NeonWave Air with 6GB and 256GB, A16 CPU.",4.2,1621,6GB,LPDDR5,256GB,UFS 3.1,A16,6,5,0.18,2.167,6.2
192,phones,NeonWave-Air-A16-8G512G-SIL,759.99,SIL,2025-03-08,"Phones NeonWave Air with 8GB and 512GB, A16 CPU.",4.3,1878,8GB,LPDDR5,512GB,UFS 4.0,A16,6,5,0.20,2.222,6.5
193,computers,QuantumEdge-Air-Z10-24G1T-GRY,1699.99,GRY,2024-11-22,"Computers QuantumEdge Air with 24GB and 1TB, Z10 CPU.",4.5,1811,24GB,DDR5,1TB,NVMe SSD,Z10,10,12,1.65,1.6,14.7
194,computers,QuantumEdge-Air-Z10-32G2T-SIL,2049.99,SIL,2025-05-01,"Computers QuantumEdge Air with 32GB and 2TB, Z10 CPU.",4.6,2381,32GB,DDR5,2TB,NVMe SSD,Z10,10,12,1.86,1.6,15.8
195,tablets,AstraPad-Air-A17-8G128G-BLK,469.99,BLK,2024-10-27,"Tablets AstraPad Air with 8GB and 128GB, A17 CPU.",4.3,838,8GB,LPDDR5,128GB,SSD,A17,6,6,0.58,1.333,11.4
196,tablets,AstraPad-Air-A17-12G256G-BLU,559.99,BLU,2025-05-20,"Tablets AstraPad Air with 12GB and 256GB, A17 CPU.",4.4,1009,12GB,LPDDR5,256GB,SSD,A17,6,6,0.64,1.333,12.1
197,phones,EchoMini-Pro-X7-6G256G-GRY,599.99,GRY,2024-12-04,"Phones EchoMini Pro with 6GB and 256GB, X7 CPU.",4.1,1514,6GB,LPDDR5,256GB,UFS 3.1,X7,8,8,0.17,2.167,6.1
198,phones,EchoMini-Pro-X7-8G512G-GLD,699.99,GLD,2025-06-03,"Phones EchoMini Pro with 8GB and 512GB, X7 CPU.",4.2,1793,8GB,LPDDR5,512GB,UFS 4.0,X7,8,8,0.19,2.222,6.4
199,computers,AuroraOne-SE-X9-16G512G-SIL,1399.99,SIL,2024-07-26,"Computers AuroraOne SE with 16GB and 512GB, X9 CPU.",4.3,1132,16GB,DDR5,512GB,NVMe SSD,X9,8,10,1.52,1.5,14.1
200,computers,AuroraOne-SE-X9-24G1T-GRN,1599.99,GRN,2025-02-03,"Computers AuroraOne SE with 24GB and 1TB, X9 CPU.",4.4,1490,24GB,DDR5,1TB,NVMe SSD,X9,8,10,1.65,1.5,14.9
201,tablets,OrionPad-SE-X9-8G256G-SIL,499.99,SIL,2024-09-08,"Tablets OrionPad SE with 8GB and 256GB, X9 CPU.",4.2,805,8GB,LPDDR5,256GB,SSD,X9,8,10,0.59,1.333,11.7
202,tablets,OrionPad-SE-X9-12G512G-GRY,619.99,GRY,2025-03-16,"Tablets OrionPad SE with 12GB and 512GB, X9 CPU.",4.3,979,12GB,LPDDR5,512GB,SSD,X9,8,10,0.69,1.333,12.4
203,phones,VeloMax-SE-Z10-8G256G-RED,849.99,RED,2024-10-31,"Phones VeloMax SE with 8GB and 256GB, Z10 CPU.",4.6,2551,8GB,LPDDR5,256GB,UFS 4.0,Z10,10,12,0.20,2.167,6.5
204,phones,VeloMax-SE-Z10-12G512G-SIL,979.99,SIL,2025-04-24,"Phones VeloMax SE with 12GB and 512GB, Z10 CPU.",4.7,2971,12GB,LPDDR5,512GB,UFS 4.0,Z10,10,12,0.22,2.222,6.7
205,computers,TerraBook-Air-M2-8G512G-GRY,1199.99,GRY,2024-08-14,"Computers TerraBook Air with 8GB and 512GB, M2 CPU.",4.1,839,8GB,DDR5,512GB,SSD,M2,10,16,1.43,1.6,13.6
206,computers,TerraBook-Air-M2-16G1T-SIL,1399.99,SIL,2025-01-28,"Computers TerraBook Air with 16GB and 1TB, M2 CPU.",4.2,1189,16GB,DDR5,1TB,NVMe SSD,M2,10,16,1.58,1.6,14.4
207,tablets,LyraNote-SE-Z10-12G512G-GRY,729.99,GRY,2024-12-22,"Tablets LyraNote SE with 12GB and 512GB, Z10 CPU.",4.6,1018,12GB,LPDDR5,512GB,SSD,Z10,10,12,0.72,1.6,12.9
208,tablets,LyraNote-SE-Z10-16G1T-SIL,859.99,SIL,2025-05-27,"Tablets LyraNote SE with 16GB and 1TB, Z10 CPU.",4.7,1206,16GB,LPDDR5,1TB,SSD,Z10,10,12,0.77,1.6,13.0
209,phones,Spectra-Air-X9-8G128G-GRN,699.99,GRN,2024-09-26,"Phones Spectra Air with 8GB and 128GB, X9 CPU.",4.4,2191,8GB,LPDDR5,128GB,UFS 3.1,X9,8,10,0.18,2.222,6.3
210,phones,Spectra-Air-X9-12G256G-BLU,789.99,BLU,2025-03-03,"Phones Spectra Air with 12GB and 256GB, X9 CPU.",4.5,2417,12GB,LPDDR5,256GB,UFS 4.0,X9,8,10,0.19,2.167,6.5
211,computers,VectorPro-SE-M3-24G1T-BLK,1799.99,BLK,2024-11-27,"Computers VectorPro SE with 24GB and 1TB, M3 CPU.",4.6,2279,24GB,DDR5,1TB,NVMe SSD,M3,12,18,1.71,1.5,15.1
212,computers,VectorPro-SE-M3-32G2T-SIL,2099.99,SIL,2025-04-14,"Computers VectorPro SE with 32GB and 2TB, M3 CPU.",4.7,2702,32GB,DDR5,2TB,NVMe SSD,M3,12,18,1.90,1.5,16.0
213,tablets,VertexSlate-MX-M2-8G256G-GRY,559.99,GRY,2024-10-14,"Tablets VertexSlate MX with 8GB and 256GB, M2 CPU.",4.3,906,8GB,LPDDR5,256GB,SSD,M2,10,16,0.64,1.6,12.3
214,tablets,VertexSlate-MX-M2-12G512G-SIL,689.99,SIL,2025-03-01,"Tablets VertexSlate MX with 12GB and 512GB, M2 CPU.",4.4,1122,12GB,LPDDR5,512GB,SSD,M2,10,16,0.71,1.6,12.8
215,phones,OrbitPhone-Air-A17-8G128G-GLD,719.99,GLD,2024-12-01,"Phones OrbitPhone Air with 8GB and 128GB, A17 CPU.",4.5,2214,8GB,LPDDR5,128GB,UFS 4.0,A17,6,6,0.19,2.167,6.3
216,phones,OrbitPhone-Air-A17-12G256G-GRY,819.99,GRY,2025-06-04,"Phones OrbitPhone Air with 12GB and 256GB, A17 CPU.",4.6,2593,12GB,LPDDR5,256GB,UFS 4.0,A17,6,6,0.20,2.222,6.6
217,computers,QuantumEdge-SE-Z10-16G512G-BLU,1599.99,BLU,2024-08-31,"Computers QuantumEdge SE with 16GB and 512GB, Z10 CPU.",4.5,1689,16GB,DDR5,512GB,NVMe SSD,Z10,10,12,1.59,1.6,14.5
218,computers,QuantumEdge-SE-Z10-24G1T-SIL,1799.99,SIL,2025-02-26,"Computers QuantumEdge SE with 24GB and 1TB, Z10 CPU.",4.6,1974,24GB,DDR5,1TB,NVMe SSD,Z10,10,12,1.70,1.6,15.1
219,tablets,NovaTab-Pro-A17-8G256G-SIL,519.99,SIL,2024-09-22,"Tablets NovaTab Pro with 8GB and 256GB, A17 CPU.",4.3,949,8GB,LPDDR5,256GB,SSD,A17,6,6,0.62,1.333,11.8
220,tablets,NovaTab-Pro-A17-12G512G-GRY,669.99,GRY,2025-03-22,"Tablets NovaTab Pro with 12GB and 512GB, A17 CPU.",4.4,1115,12GB,LPDDR5,512GB,SSD,A17,6,6,0.70,1.333,12.4
221,phones,NeonWave-SE-A16-6G128G-GLD,589.99,GLD,2024-10-28,"Phones NeonWave SE with 6GB and 128GB, A16 CPU.",4.2,1587,6GB,LPDDR5,128GB,UFS 3.1,A16,6,5,0.17,2.167,6.1
222,phones,NeonWave-SE-A16-8G256G-BLK,669.99,BLK,2025-05-16,"Phones NeonWave SE with 8GB and 256GB, A16 CPU.",4.3,1851,8GB,LPDDR5,256GB,UFS 4.0,A16,6,5,0.18,2.222,6.4
223,computers,PulseAir-Air-X7-16G512G-GRY,1199.99,GRY,2024-12-08,"Computers PulseAir Air with 16GB and 512GB, X7 CPU.",4.1,883,16GB,DDR5,512GB,SSD,X7,8,8,1.45,1.6,13.9
224,computers,PulseAir-Air-X7-24G1T-SIL,1399.99,SIL,2025-04-08,"Computers PulseAir Air with 24GB and 1TB, X7 CPU.",4.2,1103,24GB,DDR5,1TB,NVMe SSD,X7,8,8,1.59,1.6,14.6
225,tablets,AstraPad-MX-A16-8G128G-BLK,349.99,BLK,2024-08-11,"Tablets AstraPad MX with 8GB and 128GB, A16 CPU.",4.1,701,8GB,LPDDR5,128GB,SSD,A16,6,5,0.54,1.6,11.1
226,tablets,AstraPad-MX-A16-12G256G-MBL,429.99,MBL,2025-01-05,"Tablets AstraPad MX with 12GB and 256GB, A16 CPU.",4.2,823,12GB,LPDDR5,256GB,SSD,A16,6,5,0.60,1.6,11.7
227,phones,EchoMini-Air-X7-6G128G-SIL,559.99,SIL,2024-12-26,"Phones EchoMini Air with 6GB and 128GB, X7 CPU.",4.1,1498,6GB,LPDDR5,128GB,UFS 3.1,X7,8,8,0.16,2.167,6.0
228,phones,EchoMini-Air-X7-8G256G-GRY,639.99,GRY,2025-06-06,"Phones EchoMini Air with 8GB and 256GB, X7 CPU.",4.2,1775,8GB,LPDDR5,256GB,UFS 4.0,X7,8,8,0.18,2.222,6.3
229,computers,ZenForge-Pro-A16-16G1T-GRN,1399.99,GRN,2024-09-05,"Computers ZenForge Pro with 16GB and 1TB, A16 CPU.",4.3,1163,16GB,DDR5,1TB,NVMe SSD,A16,6,5,1.56,1.5,14.6
230,computers,ZenForge-Pro-A16-24G2T-SIL,1699.99,SIL,2025-02-06,"Computers ZenForge Pro with 24GB and 2TB, A16 CPU.",4.4,1531,24GB,DDR5,2TB,NVMe SSD,A16,6,5,1.81,1.5,15.8
231,tablets,VertexSlate-SE-M2-8G256G-GRY,549.99,GRY,2024-11-18,"Tablets VertexSlate SE with 8GB and 256GB, M2 CPU.",4.3,921,8GB,LPDDR5,256GB,SSD,M2,10,16,0.66,1.6,12.4
232,tablets,VertexSlate-SE-M2-12G512G-SIL,679.99,SIL,2025-03-30,"Tablets VertexSlate SE with 12GB and 512GB, M2 CPU.",4.4,1111,12GB,LPDDR5,512GB,SSD,M2,10,16,0.73,1.6,12.9
233,phones,Spectra-SE-X9-8G256G-BLU,769.99,BLU,2024-10-19,"Phones Spectra SE with 8GB and 256GB, X9 CPU.",4.5,2349,8GB,LPDDR5,256GB,UFS 4.0,X9,8,10,0.19,2.222,6.5
234,phones,Spectra-SE-X9-12G512G-GRY,899.99,GRY,2025-05-18,"Phones Spectra SE with 12GB and 512GB, X9 CPU.",4.6,2607,12GB,LPDDR5,512GB,UFS 4.0,X9,8,10,0.20,2.167,6.7
235,computers,VectorPro-MX-M3-16G512G-SIL,1699.99,SIL,2024-08-16,"Computers VectorPro MX with 16GB and 512GB, M3 CPU.",4.6,2215,16GB,DDR5,512GB,NVMe SSD,M3,12,18,1.64,1.5,14.7
236,computers,VectorPro-MX-M3-32G1T-GRY,1949.99,GRY,2025-03-06,"Computers VectorPro MX with 32GB and 1TB, M3 CPU.",4.7,2526,32GB,DDR5,1TB,NVMe SSD,M3,12,18,1.79,1.5,15.3
237,tablets,OrionPad-Pro-X9-8G256G-SIL,539.99,SIL,2024-12-10,"Tablets OrionPad Pro with 8GB and 256GB, X9 CPU.",4.3,945,8GB,LPDDR5,256GB,SSD,X9,8,10,0.63,1.333,11.9
238,tablets,OrionPad-Pro-X9-12G512G-GRN,659.99,GRN,2025-06-02,"Tablets OrionPad Pro with 12GB and 512GB, X9 CPU.",4.4,1132,12GB,LPDDR5,512GB,SSD,X9,8,10,0.71,1.333,12.6
239,phones,VeloMax-Pro-Z10-8G256G-BLK,889.99,BLK,2024-11-06,"Phones VeloMax Pro with 8GB and 256GB, Z10 CPU.",4.7,2791,8GB,LPDDR5,256GB,UFS 4.0,Z10,10,12,0.21,2.167,6.6
240,phones,VeloMax-Pro-Z10-12G512G-GLD,999.99,GLD,2025-04-20,"Phones VeloMax Pro with 12GB and 512GB, Z10 CPU.",4.8,3112,12GB,LPDDR5,512GB,UFS 4.0,Z10,10,12,0.22,2.222,6.8
241,computers,TerraBook-MX-M2-8G256G-GRY,1099.99,GRY,2024-09-10,"Computers TerraBook MX with 8GB and 256GB, M2 CPU.",4.1,773,8GB,DDR5,256GB,SSD,M2,10,16,1.38,1.6,13.4
242,computers,TerraBook-MX-M2-16G512G-SIL,1299.99,SIL,2025-02-12,"Computers TerraBook MX with 16GB and 512GB, M2 CPU.",4.2,1161,16GB,DDR5,512GB,NVMe SSD,M2,10,16,1.52,1.6,14.2
243,tablets,LyraNote-Pro-Z10-12G256G-GRY,649.99,GRY,2024-10-12,"Tablets LyraNote Pro with 12GB and 256GB, Z10 CPU.",4.6,934,12GB,LPDDR5,256GB,SSD,Z10,10,12,0.68,1.6,12.6
244,tablets,LyraNote-Pro-Z10-16G512G-SIL,779.99,SIL,2025-02-27,"Tablets LyraNote Pro with 16GB and 512GB, Z10 CPU.",4.7,1114,16GB,LPDDR5,512GB,SSD,Z10,10,12,0.75,1.6,13.0
245,phones,Spectra-Pro-X9-8G256G-GRY,789.99,GRY,2024-12-20,"Phones Spectra Pro with 8GB and 256GB, X9 CPU.",4.5,2433,8GB,LPDDR5,256GB,UFS 4.0,X9,8,10,0.20,2.222,6.5
246,phones,Spectra-Pro-X9-12G512G-RED,919.99,RED,2025-05-30,"Phones Spectra Pro with 12GB and 512GB, X9 CPU.",4.6,2699,12GB,LPDDR5,512GB,UFS 4.0,X9,8,10,0.21,2.167,6.7
247,computers,QuantumEdge-Pro-Z10-24G1T-SIL,1749.99,SIL,2024-08-08,"Computers QuantumEdge Pro with 24GB and 1TB, Z10 CPU.",4.6,1911,24GB,DDR5,1TB,NVMe SSD,Z10,10,12,1.68,1.6,14.9
248,computers,QuantumEdge-Pro-Z10-32G2T-GRY,2099.99,GRY,2025-01-31,"Computers QuantumEdge Pro with 32GB and 2TB, Z10 CPU.",4.7,2440,32GB,DDR5,2TB,NVMe SSD,Z10,10,12,1.88,1.6,16.1
249,tablets,NovaTab-VX-A16-8G128G-BLU,369.99,BLU,2024-11-24,"Tablets NovaTab VX with 8GB and 128GB, A16 CPU.",4.1,718,8GB,LPDDR5,128GB,SSD,A16,6,5,0.55,1.6,11.3
250,tablets,NovaTab-VX-A16-12G256G-GRY,449.99,GRY,2025-04-06,"Tablets NovaTab VX with 12GB and 256GB, A16 CPU.",4.2,866,12GB,LPDDR5,256GB,SSD,A16,6,5,0.61,1.6,11.9
251,phones,NeonWave-MX-A16-6G128G-GRY,579.99,GRY,2024-08-29,"Phones NeonWave MX with 6GB and 128GB, A16 CPU.",4.2,1553,6GB,LPDDR5,128GB,UFS 3.1,A16,6,5,0.17,2.167,6.1
252,phones,NeonWave-MX-A16-8G256G-SIL,659.99,SIL,2025-03-26,"Phones NeonWave MX with 8GB and 256GB, A16 CPU.",4.3,1835,8GB,LPDDR5,256GB,UFS 4.0,A16,6,5,0.19,2.222,6.4
253,computers,AuroraOne-MX-X9-16G512G-BLK,1399.99,BLK,2024-10-03,"Computers AuroraOne MX with 16GB and 512GB, X9 CPU.",4.3,1183,16GB,DDR5,512GB,NVMe SSD,X9,8,10,1.53,1.5,14.2
254,computers,AuroraOne-MX-X9-24G1T-SIL,1599.99,SIL,2025-05-08,"Computers AuroraOne MX with 24GB and 1TB, X9 CPU.",4.4,1469,24GB,DDR5,1TB,NVMe SSD,X9,8,10,1.67,1.5,15.0
255,tablets,AstraPad-SE-A16-8G256G-GRN,389.99,GRN,2024-12-18,"Tablets AstraPad SE with 8GB and 256GB, A16 CPU.",4.1,736,8GB,LPDDR5,256GB,SSD,A16,6,5,0.57,1.6,11.5
256,tablets,AstraPad-SE-A16-12G512G-SIL,499.99,SIL,2025-05-29,"Tablets AstraPad SE with 12GB and 512GB, A16 CPU.",4.2,908,12GB,LPDDR5,512GB,SSD,A16,6,5,0.66,1.6,12.2
257,phones,EchoMini-MX-X7-6G128G-RED,569.99,RED,2024-09-21,"Phones EchoMini MX with 6GB and 128GB, X7 CPU.",4.1,1536,6GB,LPDDR5,128GB,UFS 3.1,X7,8,8,0.16,2.167,6.0
258,phones,EchoMini-MX-X7-8G256G-GRY,649.99,GRY,2025-04-02,"Phones EchoMini MX with 8GB and 256GB, X7 CPU.",4.2,1804,8GB,LPDDR5,256GB,UFS 4.0,X7,8,8,0.18,2.222,6.3
259,computers,ZenForge-MX-A16-16G512G-SIL,1299.99,SIL,2024-11-12,"Computers ZenForge MX with 16GB and 512GB, A16 CPU.",4.2,1022,16GB,DDR5,512GB,NVMe SSD,A16,6,5,1.49,1.5,13.8
260,computers,ZenForge-MX-A16-24G1T-BLK,1499.99,BLK,2025-03-17,"Computers ZenForge MX with 24GB and 1TB, A16 CPU.",4.3,1305,24GB,DDR5,1TB,NVMe SSD,A16,6,5,1.62,1.5,14.6
261,tablets,VertexSlate-VX-M2-8G256G-SIL,569.99,SIL,2024-10-26,"Tablets VertexSlate VX with 8GB and 256GB, M2 CPU.",4.3,935,8GB,LPDDR5,256GB,SSD,M2,10,16,0.65,1.6,12.4
262,tablets,VertexSlate-VX-M2-12G512G-GRY,699.99,GRY,2025-05-10,"Tablets VertexSlate VX with 12GB and 512GB, M2 CPU.",4.4,1141,12GB,LPDDR5,512GB,SSD,M2,10,16,0.73,1.6,12.9
263,phones,Spectra-Air2-X9-8G256G-GRY,779.99,GRY,2024-12-16,"Phones Spectra Air2 with 8GB and 256GB, X9 CPU.",4.5,2376,8GB,LPDDR5,256GB,UFS 4.0,X9,8,10,0.20,2.167,6.5
264,phones,Spectra-Air2-X9-12G512G-SIL,909.99,SIL,2025-06-05,"Phones Spectra Air2 with 12GB and 512GB, X9 CPU.",4.6,2623,12GB,LPDDR5,512GB,UFS 4.0,X9,8,10,0.21,2.222,6.7
265,computers,AuroraOne-VX-Z10-16G512G-GLD,1499.99,GLD,2024-10-29,"Computers AuroraOne VX with 16GB and 512GB, Z10 CPU.",4.5,1877,16GB,DDR5,512GB,NVMe SSD,Z10,10,12,1.60,1.6,14.2
266,computers,AuroraOne-VX-Z10-24G1T-BLU,1699.99,BLU,2025-03-06,"Computers AuroraOne VX with 24GB and 1TB, Z10 CPU.",4.5,2050,24GB,DDR5,1TB,NVMe SSD,Z10,10,12,1.69,1.6,14.9
267,computers,AuroraOne-VX-Z10-32G2T-BLK,2099.99,BLK,2025-05-28,"Computers AuroraOne VX with 32GB and 2TB, Z10 CPU.",4.6,2493,32GB,DDR5,2TB,NVMe SSD,Z10,10,12,1.87,1.6,16.0
268,computers,AuroraOne-Pro-X9-16G256G-GRN,1299.99,GRN,2024-09-04,"Computers AuroraOne Pro with 16GB and 256GB, X9 CPU.",4.3,1005,16GB,DDR5,256GB,SSD,X9,8,10,1.46,1.5,13.6
269,computers,AuroraOne-Pro-X9-24G512G-SIL,1449.99,SIL,2025-01-25,"Computers AuroraOne Pro with 24GB and 512GB, X9 CPU.",4.4,1417,24GB,DDR5,512GB,NVMe SSD,X9,8,10,1.55,1.5,14.1
270,computers,AuroraOne-Air-X9-32G1T-GLD,1649.99,GLD,2025-02-22,"Computers AuroraOne Air with 32GB and 1TB, X9 CPU.",4.4,1628,32GB,DDR5,1TB,NVMe SSD,X9,8,10,1.63,1.5,14.7
271,computers,TerraBook-Q7-M2-8G256G-GRY,1099.99,GRY,2024-11-11,"Computers TerraBook Q7 with 8GB and 256GB, M2 CPU.",4.1,759,8GB,DDR5,256GB,SSD,M2,10,16,1.37,1.6,13.3
272,computers,TerraBook-Q7-M2-16G512G-BLK,1299.99,BLK,2025-04-03,"Computers TerraBook Q7 with 16GB and 512GB, M2 CPU.",4.2,1227,16GB,DDR5,512GB,NVMe SSD,M2,10,16,1.53,1.6,14.1
273,computers,TerraBook-Air-Z10-24G1T-SIL,1699.99,SIL,2025-06-06,"Computers TerraBook Air with 24GB and 1TB, Z10 CPU.",4.5,2084,24GB,DDR5,1TB,NVMe SSD,Z10,10,12,1.62,1.6,14.4
274,computers,TerraBook-Pro-M2-32G2T-GRY,1799.99,GRY,2025-03-30,"Computers TerraBook Pro with 32GB and 2TB, M2 CPU.",4.3,1766,32GB,DDR5,2TB,NVMe SSD,M2,10,16,1.84,1.6,15.8
275,computers,PulseAir-MX-X7-16G512G-RED,1199.99,RED,2024-10-01,"Computers PulseAir MX with 16GB and 512GB, X7 CPU.",4.0,818,16GB,DDR5,512GB,SSD,X7,8,8,1.44,1.6,13.8
276,computers,PulseAir-MX-X7-32G1T-SIL,1499.99,SIL,2025-01-31,"Computers PulseAir MX with 32GB and 1TB, X7 CPU.",4.1,977,32GB,DDR5,1TB,NVMe SSD,X7,8,8,1.72,1.6,15.4
277,computers,PulseAir-Q7-X7-8G256G-BLK,999.99,BLK,2024-09-18,"Computers PulseAir Q7 with 8GB and 256GB, X7 CPU.",4.0,713,8GB,DDR5,256GB,SSD,X7,8,8,1.31,1.6,13.1
278,computers,ZenForge-SE-A16-16G256G-GRY,1149.99,GRY,2024-07-24,"Computers ZenForge SE with 16GB and 256GB, A16 CPU.",4.2,1004,16GB,DDR5,256GB,SSD,A16,6,5,1.35,1.6,13.1
279,computers,ZenForge-SE-A16-24G512G-GLD,1299.99,GLD,2024-12-06,"Computers ZenForge SE with 24GB and 512GB, A16 CPU.",4.2,1188,24GB,DDR5,512GB,NVMe SSD,A16,6,5,1.50,1.6,14.0
280,computers,ZenForge-Air-A16-16G512G-SIL,1299.99,SIL,2024-08-20,"Computers ZenForge Air with 16GB and 512GB, A16 CPU.",4.2,1033,16GB,DDR5,512GB,NVMe SSD,A16,6,5,1.47,1.5,13.7
281,computers,ZenForge-Air-A16-24G1T-BLU,1499.99,BLU,2025-03-04,"Computers ZenForge Air with 24GB and 1TB, A16 CPU.",4.3,1237,24GB,DDR5,1TB,NVMe SSD,A16,6,5,1.60,1.5,14.5
282,computers,VectorPro-Pro-M3-16G512G-BLK,1599.99,BLK,2024-11-20,"Computers VectorPro Pro with 16GB and 512GB, M3 CPU.",4.6,2094,16GB,DDR5,512GB,NVMe SSD,M3,12,18,1.64,1.5,14.6
283,computers,VectorPro-Pro-M3-32G1T-GLD,1899.99,GLD,2025-02-25,"Computers VectorPro Pro with 32GB and 1TB, M3 CPU.",4.7,2394,32GB,DDR5,1TB,NVMe SSD,M3,12,18,1.79,1.5,15.2
284,computers,VectorPro-Air-M3-16G1T-SIL,1699.99,SIL,2024-11-08,"Computers VectorPro Air with 16GB and 1TB, M3 CPU.",4.6,2149,16GB,DDR5,1TB,NVMe SSD,M3,12,18,1.66,1.5,14.8
285,computers,VectorPro-Air-M3-32G2T-GRY,1999.99,GRY,2025-05-03,"Computers VectorPro Air with 32GB and 2TB, M3 CPU.",4.7,2611,32GB,DDR5,2TB,NVMe SSD,M3,12,18,1.88,1.5,15.9
286,computers,VectorPro-SE-M3-24G1T-BLU,1799.99,BLU,2024-12-03,"Computers VectorPro SE with 24GB and 1TB, M3 CPU.",4.6,2288,24GB,DDR5,1TB,NVMe SSD,M3,12,18,1.71,1.5,15.1
287,computers,VectorPro-SE-M3-32G2T-SIL,2099.99,SIL,2025-04-06,"Computers VectorPro SE with 32GB and 2TB, M3 CPU.",4.7,2727,32GB,DDR5,2TB,NVMe SSD,M3,12,18,1.90,1.5,16.0
288,computers,QuantumEdge-VX-Z10-24G1T-GRY,1749.99,GRY,2024-10-12,"Computers QuantumEdge VX with 24GB and 1TB, Z10 CPU.",4.5,1731,24GB,DDR5,1TB,NVMe SSD,Z10,10,12,1.68,1.6,14.9
289,computers,QuantumEdge-VX-Z10-32G2T-RED,2099.99,RED,2025-03-26,"Computers QuantumEdge VX with 32GB and 2TB, Z10 CPU.",4.6,2470,32GB,DDR5,2TB,NVMe SSD,Z10,10,12,1.88,1.6,16.1
290,computers,QuantumEdge-Air-Z10-24G1T-SIL,1699.99,SIL,2024-11-27,"Computers QuantumEdge Air with 24GB and 1TB, Z10 CPU.",4.5,1822,24GB,DDR5,1TB,NVMe SSD,Z10,10,12,1.65,1.6,14.7
291,computers,QuantumEdge-Air-Z10-32G2T-BLK,2049.99,BLK,2025-05-10,"Computers QuantumEdge Air with 32GB and 2TB, Z10 CPU.",4.6,2398,32GB,DDR5,2TB,NVMe SSD,Z10,10,12,1.86,1.6,15.8
292,computers,QuantumEdge-SE-Z10-16G512G-SIL,1599.99,SIL,2024-08-30,"Computers QuantumEdge SE with 16GB and 512GB, Z10 CPU.",4.5,1698,16GB,DDR5,512GB,NVMe SSD,Z10,10,12,1.59,1.6,14.5
293,computers,QuantumEdge-SE-Z10-24G1T-GRN,1799.99,GRN,2025-02-28,"Computers QuantumEdge SE with 24GB and 1TB, Z10 CPU.",4.6,1979,24GB,DDR5,1TB,NVMe SSD,Z10,10,12,1.70,1.6,15.1
294,computers,PulseAir-Pro-X7-16G256G-GRY,1099.99,GRY,2024-09-27,"Computers PulseAir Pro with 16GB and 256GB, X7 CPU.",4.1,829,16GB,DDR5,256GB,SSD,X7,8,8,1.41,1.6,13.5
295,computers,PulseAir-Pro-X7-24G512G-GLD,1299.99,GLD,2025-01-28,"Computers PulseAir Pro with 24GB and 512GB, X7 CPU.",4.2,1011,24GB,DDR5,512GB,NVMe SSD,X7,8,8,1.56,1.6,14.2
296,computers,PulseAir-Air-X7-16G512G-SIL,1199.99,SIL,2024-12-15,"Computers PulseAir Air with 16GB and 512GB, X7 CPU.",4.1,889,16GB,DDR5,512GB,SSD,X7,8,8,1.45,1.6,13.9
297,computers,PulseAir-Air-X7-24G1T-BLK,1399.99,BLK,2025-04-18,"Computers PulseAir Air with 24GB and 1TB, X7 CPU.",4.2,1124,24GB,DDR5,1TB,NVMe SSD,X7,8,8,1.59,1.6,14.6
298,computers,TerraBook-Air-M2-8G512G-GRY,1199.99,GRY,2024-08-18,"Computers TerraBook Air with 8GB and 512GB, M2 CPU.",4.1,852,8GB,DDR5,512GB,SSD,M2,10,16,1.44,1.6,13.6
299,computers,TerraBook-Air-M2-16G1T-SIL,1399.99,SIL,2025-02-02,"Computers TerraBook Air with 16GB and 1TB, M2 CPU.",4.2,1212,16GB,DDR5,1TB,NVMe SSD,M2,10,16,1.58,1.6,14.4
300,computers,TerraBook-MX-M2-8G256G-SIL,1099.99,SIL,2024-09-14,"Computers TerraBook MX with 8GB and 256GB, M2 CPU.",4.1,782,8GB,DDR5,256GB,SSD,M2,10,16,1.38,1.6,13.4
301,computers,TerraBook-MX-M2-16G512G-GRY,1299.99,GRY,2025-02-18,"Computers TerraBook MX with 16GB and 512GB, M2 CPU.",4.2,1168,16GB,DDR5,512GB,NVMe SSD,M2,10,16,1.52,1.6,14.2
302,computers,ZenForge-Pro-A16-16G1T-BLK,1399.99,BLK,2024-09-02,"Computers ZenForge Pro with 16GB and 1TB, A16 CPU.",4.3,1185,16GB,DDR5,1TB,NVMe SSD,A16,6,5,1.57,1.5,14.6
303,computers,ZenForge-Pro-A16-24G2T-SIL,1699.99,SIL,2025-02-09,"Computers ZenForge Pro with 24GB and 2TB, A16 CPU.",4.4,1521,24GB,DDR5,2TB,NVMe SSD,A16,6,5,1.82,1.5,15.8
304,computers,ZenForge-MX-A16-16G512G-GLD,1299.99,GLD,2024-11-18,"Computers ZenForge MX with 16GB and 512GB, A16 CPU.",4.2,1031,16GB,DDR5,512GB,NVMe SSD,A16,6,5,1.49,1.5,13.8
305,computers,ZenForge-MX-A16-24G1T-BLU,1499.99,BLU,2025-03-14,"Computers ZenForge MX with 24GB and 1TB, A16 CPU.",4.3,1296,24GB,DDR5,1TB,NVMe SSD,A16,6,5,1.62,1.5,14.6
306,computers,AuroraOne-MX-X9-16G512G-GRN,1399.99,GRN,2024-10-06,"Computers AuroraOne MX with 16GB and 512GB, X9 CPU.",4.3,1199,16GB,DDR5,512GB,NVMe SSD,X9,8,10,1.54,1.5,14.2
307,computers,AuroraOne-MX-X9-24G1T-SIL,1599.99,SIL,2025-05-12,"Computers AuroraOne MX with 24GB and 1TB, X9 CPU.",4.4,1483,24GB,DDR5,1TB,NVMe SSD,X9,8,10,1.67,1.5,15.0
308,computers,AuroraOne-SE-X9-16G512G-BLK,1399.99,BLK,2024-07-29,"Computers AuroraOne SE with 16GB and 512GB, X9 CPU.",4.3,1123,16GB,DDR5,512GB,NVMe SSD,X9,8,10,1.52,1.5,14.1
309,computers,AuroraOne-SE-X9-24G1T-GRY,1599.99,GRY,2025-02-06,"Computers AuroraOne SE with 24GB and 1TB, X9 CPU.",4.4,1502,24GB,DDR5,1TB,NVMe SSD,X9,8,10,1.65,1.5,14.9
310,computers,VectorPro-MX-M3-16G512G-GRY,1699.99,GRY,2024-08-21,"Computers VectorPro MX with 16GB and 512GB, M3 CPU.",4.6,2229,16GB,DDR5,512GB,NVMe SSD,M3,12,18,1.64,1.5,14.7
311,computers,VectorPro-MX-M3-32G1T-SIL,1949.99,SIL,2025-03-09,"Computers VectorPro MX with 32GB and 1TB, M3 CPU.",4.7,2541,32GB,DDR5,1TB,NVMe SSD,M3,12,18,1.80,1.5,15.3
312,computers,QuantumEdge-Pro-Z10-24G1T-GLD,1749.99,GLD,2024-08-11,"Computers QuantumEdge Pro with 24GB and 1TB, Z10 CPU.",4.6,1907,24GB,DDR5,1TB,NVMe SSD,Z10,10,12,1.69,1.6,14.9
313,computers,QuantumEdge-Pro-Z10-32G2T-SIL,2099.99,SIL,2025-02-01,"Computers QuantumEdge Pro with 32GB and 2TB, Z10 CPU.",4.7,2426,32GB,DDR5,2TB,NVMe SSD,Z10,10,12,1.88,1.6,16.1
314,tablets,NovaTab-MX-A17-8G128G-BLK,449.99,BLK,2025-01-29,"Tablets NovaTab MX with 8GB and 128GB, A17 CPU.",4.3,941,8GB,LPDDR5,128GB,SSD,A17,6,6,0.56,1.333,11.4
315,tablets,NovaTab-MX-A17-12G256G-GRY,549.99,GRY,2024-11-12,"Tablets NovaTab MX with 12GB and 256GB, A17 CPU.",4.4,1133,12GB,LPDDR5,256GB,SSD,A17,6,6,0.62,1.333,12.2
316,tablets,NovaTab-SE-A16-8G128G-BLU,359.99,BLU,2025-06-07,"Tablets NovaTab SE with 8GB and 128GB, A16 CPU.",4.1,667,8GB,LPDDR5,128GB,SSD,A16,6,5,0.53,1.6,11.2
317,tablets,NovaTab-SE-A16-12G256G-SIL,449.99,SIL,2024-08-03,"Tablets NovaTab SE with 12GB and 256GB, A16 CPU.",4.2,792,12GB,LPDDR5,256GB,SSD,A16,6,5,0.59,1.6,11.9
318,tablets,NovaTab-Pro-A17-8G256G-GRN,519.99,GRN,2024-09-24,"Tablets NovaTab Pro with 8GB and 256GB, A17 CPU.",4.3,958,8GB,LPDDR5,256GB,SSD,A17,6,6,0.62,1.333,11.8
319,tablets,NovaTab-Pro-A17-12G512G-GLD,669.99,GLD,2025-03-20,"Tablets NovaTab Pro with 12GB and 512GB, A17 CPU.",4.4,1109,12GB,LPDDR5,512GB,SSD,A17,6,6,0.70,1.333,12.4
320,tablets,AstraPad-SE-A16-4G64G-GRY,299.99,GRY,2024-07-25,"Tablets AstraPad SE with 4GB and 64GB, A16 CPU.",4.0,552,4GB,LPDDR5,64GB,SSD,A16,6,5,0.47,1.6,10.5
321,tablets,AstraPad-SE-A16-8G128G-RED,349.99,RED,2024-11-19,"Tablets AstraPad SE with 8GB and 128GB, A16 CPU.",4.1,611,8GB,LPDDR5,128GB,SSD,A16,6,5,0.52,1.6,11.0
322,tablets,AstraPad-Air-A17-8G128G-SIL,469.99,SIL,2024-10-31,"Tablets AstraPad Air with 8GB and 128GB, A17 CPU.",4.3,846,8GB,LPDDR5,128GB,SSD,A17,6,6,0.58,1.333,11.4
323,tablets,AstraPad-Air-A17-12G256G-GRY,559.99,GRY,2025-05-24,"Tablets AstraPad Air with 12GB and 256GB, A17 CPU.",4.4,1014,12GB,LPDDR5,256GB,SSD,A17,6,6,0.64,1.333,12.1
324,tablets,AstraPad-Pro-A17-8G256G-BLU,529.99,BLU,2024-10-23,"Tablets AstraPad Pro with 8GB and 256GB, A17 CPU.",4.3,888,8GB,LPDDR5,256GB,SSD,A17,6,6,0.61,1.333,11.6
325,tablets,AstraPad-Pro-A17-12G512G-SIL,679.99,SIL,2025-03-13,"Tablets AstraPad Pro with 12GB and 512GB, A17 CPU.",4.4,1051,12GB,LPDDR5,512GB,SSD,A17,6,6,0.70,1.333,12.3
326,tablets,OrionPad-VX-X9-8G128G-GLD,469.99,GLD,2025-03-04,"Tablets OrionPad VX with 8GB and 128GB, X9 CPU.",4.2,821,8GB,LPDDR5,128GB,SSD,X9,8,10,0.58,1.333,11.3
327,tablets,OrionPad-VX-X9-12G256G-BLK,549.99,BLK,2024-09-20,"Tablets OrionPad VX with 12GB and 256GB, X9 CPU.",4.3,908,12GB,LPDDR5,256GB,SSD,X9,8,10,0.63,1.333,11.8
328,tablets,OrionPad-Air-X7-8G128G-BLU,429.99,BLU,2024-12-11,"Tablets OrionPad Air with 8GB and 128GB, X7 CPU.",4.1,725,8GB,LPDDR5,128GB,SSD,X7,8,8,0.55,1.6,11.0
329,tablets,OrionPad-Air-X7-12G256G-SIL,519.99,SIL,2025-04-26,"Tablets OrionPad Air with 12GB and 256GB, X7 CPU.",4.2,864,12GB,LPDDR5,256GB,SSD,X7,8,8,0.60,1.6,11.6
330,tablets,OrionPad-SE-X9-8G256G-GRY,499.99,GRY,2024-09-10,"Tablets OrionPad SE with 8GB and 256GB, X9 CPU.",4.2,798,8GB,LPDDR5,256GB,SSD,X9,8,10,0.59,1.333,11.7
331,tablets,OrionPad-SE-X9-12G512G-GLD,619.99,GLD,2025-03-20,"Tablets OrionPad SE with 12GB and 512GB, X9 CPU.",4.3,982,12GB,LPDDR5,512GB,SSD,X9,8,10,0.69,1.333,12.4
332,tablets,LyraNote-Air-Z10-12G256G-GRY,629.99,GRY,2025-05-16,"Tablets LyraNote Air with 12GB and 256GB, Z10 CPU.",4.5,903,12GB,LPDDR5,256GB,SSD,Z10,10,12,0.66,1.6,12.7
333,tablets,LyraNote-Air-Z10-16G512G-SIL,749.99,SIL,2024-12-19,"Tablets LyraNote Air with 16GB and 512GB, Z10 CPU.",4.6,1009,16GB,LPDDR5,512GB,SSD,Z10,10,12,0.71,1.6,12.9
334,tablets,LyraNote-SE-Z10-12G512G-GLD,729.99,GLD,2024-12-28,"Tablets LyraNote SE with 12GB and 512GB, Z10 CPU.",4.6,1026,12GB,LPDDR5,512GB,SSD,Z10,10,12,0.73,1.6,12.9
335,tablets,LyraNote-SE-Z10-16G1T-GRY,859.99,GRY,2025-06-03,"Tablets LyraNote SE with 16GB and 1TB, Z10 CPU.",4.7,1213,16GB,LPDDR5,1TB,SSD,Z10,10,12,0.77,1.6,13.0
336,tablets,VertexSlate-Pro-M2-8G256G-GRY,579.99,GRY,2025-02-03,"Tablets VertexSlate Pro with 8GB and 256GB, M2 CPU.",4.3,1002,8GB,LPDDR5,256GB,SSD,M2,10,16,0.65,1.6,12.5
337,tablets,VertexSlate-Pro-M2-12G512G-BLK,699.99,BLK,2024-11-15,"Tablets VertexSlate Pro with 12GB and 512GB, M2 CPU.",4.4,1183,12GB,LPDDR5,512GB,SSD,M2,10,16,0.72,1.6,12.9
338,tablets,VertexSlate-Air-M2-8G128G-SIL,499.99,SIL,2024-08-02,"Tablets VertexSlate Air with 8GB and 128GB, M2 CPU.",4.2,709,8GB,LPDDR5,128GB,SSD,M2,10,16,0.57,1.6,11.5
339,tablets,VertexSlate-Air-M2-12G256G-GRN,579.99,GRN,2025-03-27,"Tablets VertexSlate Air with 12GB and 256GB, M2 CPU.",4.3,886,12GB,LPDDR5,256GB,SSD,M2,10,16,0.63,1.6,12.1
340,tablets,VertexSlate-SE-M2-8G256G-SIL,549.99,SIL,2024-11-23,"Tablets VertexSlate SE with 8GB and 256GB, M2 CPU.",4.3,919,8GB,LPDDR5,256GB,SSD,M2,10,16,0.66,1.6,12.4
341,tablets,VertexSlate-SE-M2-12G512G-GRY,679.99,GRY,2025-04-04,"Tablets VertexSlate SE with 12GB and 512GB, M2 CPU.",4.4,1108,12GB,LPDDR5,512GB,SSD,M2,10,16,0.73,1.6,12.9
342,tablets,VertexSlate-MX-M2-8G256G-RED,559.99,RED,2024-10-18,"Tablets VertexSlate MX with 8GB and 256GB, M2 CPU.",4.3,913,8GB,LPDDR5,256GB,SSD,M2,10,16,0.64,1.6,12.3
343,tablets,VertexSlate-MX-M2-12G512G-SIL,689.99,SIL,2025-03-06,"Tablets VertexSlate MX with 12GB and 512GB, M2 CPU.",4.4,1120,12GB,LPDDR5,512GB,SSD,M2,10,16,0.71,1.6,12.8
344,tablets,VertexSlate-VX-M2-8G256G-GRY,569.99,GRY,2024-10-30,"Tablets VertexSlate VX with 8GB and 256GB, M2 CPU.",4.3,941,8GB,LPDDR5,256GB,SSD,M2,10,16,0.65,1.6,12.4
345,tablets,VertexSlate-VX-M2-12G512G-GLD,699.99,GLD,2025-05-08,"Tablets VertexSlate VX with 12GB and 512GB, M2 CPU.",4.4,1151,12GB,LPDDR5,512GB,SSD,M2,10,16,0.73,1.6,12.9
346,phones,OrbitPhone-VX-A17-8G128G-SIL,699.99,SIL,2025-02-14,"Phones OrbitPhone VX with 8GB and 128GB, A17 CPU.",4.4,2139,8GB,LPDDR5,128GB,UFS 4.0,A17,6,6,0.19,2.167,6.3
347,phones,OrbitPhone-VX-A17-12G256G-GRN,799.99,GRN,2024-11-14,"Phones OrbitPhone VX with 12GB and 256GB, A17 CPU.",4.5,2573,12GB,LPDDR5,256GB,UFS 4.0,A17,6,6,0.20,2.222,6.5
348,phones,OrbitPhone-SE-A17-8G256G-BLK,769.99,BLK,2024-10-10,"Phones OrbitPhone SE with 8GB and 256GB, A17 CPU.",4.5,2333,8GB,LPDDR5,256GB,UFS 4.0,A17,6,6,0.19,2.222,6.4
349,phones,OrbitPhone-SE-A17-12G512G-SIL,899.99,SIL,2025-05-09,"Phones OrbitPhone SE with 12GB and 512GB, A17 CPU.",4.6,2751,12GB,LPDDR5,512GB,UFS 4.0,A17,6,6,0.21,2.167,6.6
350,phones,OrbitPhone-Air-A17-8G128G-GRY,719.99,GRY,2024-12-04,"Phones OrbitPhone Air with 8GB and 128GB, A17 CPU.",4.5,2235,8GB,LPDDR5,128GB,UFS 4.0,A17,6,6,0.19,2.167,6.3
351,phones,OrbitPhone-Air-A17-12G256G-BLU,819.99,BLU,2025-06-02,"Phones OrbitPhone Air with 12GB and 256GB, A17 CPU.",4.6,2599,12GB,LPDDR5,256GB,UFS 4.0,A17,6,6,0.20,2.222,6.6
352,phones,NeonWave-Pro-A16-6G128G-GRN,599.99,GRN,2024-08-11,"Phones NeonWave Pro with 6GB and 128GB, A16 CPU.",4.2,1740,6GB,LPDDR5,128GB,UFS 3.1,A16,6,5,0.17,2.167,6.1
353,phones,NeonWave-Pro-A16-8G256G-SIL,679.99,SIL,2025-03-24,"Phones NeonWave Pro with 8GB and 256GB, A16 CPU.",4.3,1915,8GB,LPDDR5,256GB,UFS 4.0,A16,6,5,0.18,2.222,6.4
354,phones,NeonWave-Air-A16-6G256G-BLK,639.99,BLK,2024-08-21,"Phones NeonWave Air with 6GB and 256GB, A16 CPU.",4.2,1634,6GB,LPDDR5,256GB,UFS 3.1,A16,6,5,0.18,2.167,6.2
355,phones,NeonWave-Air-A16-8G512G-GLD,759.99,GLD,2025-03-11,"Phones NeonWave Air with 8GB and 512GB, A16 CPU.",4.3,1897,8GB,LPDDR5,512GB,UFS 4.0,A16,6,5,0.20,2.222,6.5
356,phones,NeonWave-SE-A16-6G128G-SIL,589.99,SIL,2024-10-26,"Phones NeonWave SE with 6GB and 128GB, A16 CPU.",4.2,1591,6GB,LPDDR5,128GB,UFS 3.1,A16,6,5,0.17,2.167,6.1
357,phones,NeonWave-SE-A16-8G256G-GRY,669.99,GRY,2025-05-22,"Phones NeonWave SE with 8GB and 256GB, A16 CPU.",4.3,1868,8GB,LPDDR5,256GB,UFS 4.0,A16,6,5,0.18,2.222,6.4
358,phones,NeonWave-MX-A16-6G128G-BLU,579.99,BLU,2024-09-03,"Phones NeonWave MX with 6GB and 128GB, A16 CPU.",4.2,1558,6GB,LPDDR5,128GB,UFS 3.1,A16,6,5,0.17,2.167,6.1
359,phones,NeonWave-MX-A16-8G256G-SIL,659.99,SIL,2025-03-29,"Phones NeonWave MX with 8GB and 256GB, A16 CPU.",4.3,1841,8GB,LPDDR5,256GB,UFS 4.0,A16,6,5,0.19,2.222,6.4
360,phones,EchoMini-SE-X7-6G128G-GRY,549.99,GRY,2024-10-07,"Phones EchoMini SE with 6GB and 128GB, X7 CPU.",4.1,1486,6GB,LPDDR5,128GB,UFS 3.1,X7,8,8,0.16,2.167,6.0
361,phones,EchoMini-SE-X7-8G256G-GLD,619.99,GLD,2025-05-01,"Phones EchoMini SE with 8GB and 256GB, X7 CPU.",4.2,1709,8GB,LPDDR5,256GB,UFS 4.0,X7,8,8,0.17,2.222,6.3
362,phones,EchoMini-Air-X7-6G128G-SIL,559.99,SIL,2024-12-20,"Phones EchoMini Air with 6GB and 128GB, X7 CPU.",4.1,1513,6GB,LPDDR5,128GB,UFS 3.1,X7,8,8,0.16,2.167,6.0
363,phones,EchoMini-Air-X7-8G256G-BLK,639.99,BLK,2025-06-06,"Phones EchoMini Air with 8GB and 256GB, X7 CPU.",4.2,1782,8GB,LPDDR5,256GB,UFS 4.0,X7,8,8,0.18,2.222,6.3
364,phones,EchoMini-Pro-X7-6G256G-GRN,599.99,GRN,2024-12-06,"Phones EchoMini Pro with 6GB and 256GB, X7 CPU.",4.1,1519,6GB,LPDDR5,256GB,UFS 3.1,X7,8,8,0.17,2.167,6.1
365,phones,EchoMini-Pro-X7-8G512G-SIL,699.99,SIL,2025-06-04,"Phones EchoMini Pro with 8GB and 512GB, X7 CPU.",4.2,1802,8GB,LPDDR5,512GB,UFS 4.0,X7,8,8,0.19,2.222,6.4
366,phones,Spectra-MX-X9-8G256G-RED,749.99,RED,2024-09-08,"Phones Spectra MX with 8GB and 256GB, X9 CPU.",4.4,2277,8GB,LPDDR5,256GB,UFS 4.0,X9,8,10,0.19,2.222,6.4
367,phones,Spectra-MX-X9-12G512G-SIL,899.99,SIL,2025-01-16,"Phones Spectra MX with 12GB and 512GB, X9 CPU.",4.5,2502,12GB,LPDDR5,512GB,UFS 4.0,X9,8,10,0.20,2.167,6.6
368,phones,Spectra-Air-X9-8G128G-GRY,699.99,GRY,2024-09-28,"Phones Spectra Air with 8GB and 128GB, X9 CPU.",4.4,2210,8GB,LPDDR5,128GB,UFS 3.1,X9,8,10,0.18,2.222,6.3
369,phones,Spectra-Air-X9-12G256G-BLU,789.99,BLU,2025-03-02,"Phones Spectra Air with 12GB and 256GB, X9 CPU.",4.5,2432,12GB,LPDDR5,256GB,UFS 4.0,X9,8,10,0.19,2.167,6.5
370,phones,Spectra-SE-X9-8G256G-GLD,769.99,GLD,2024-10-22,"Phones Spectra SE with 8GB and 256GB, X9 CPU.",4.5,2357,8GB,LPDDR5,256GB,UFS 4.0,X9,8,10,0.19,2.222,6.5
371,phones,Spectra-SE-X9-12G512G-GRY,899.99,GRY,2025-05-21,"Phones Spectra SE with 12GB and 512GB, X9 CPU.",4.6,2613,12GB,LPDDR5,512GB,UFS 4.0,X9,8,10,0.20,2.167,6.7
372,phones,Spectra-Pro-X9-8G256G-SIL,789.99,SIL,2024-12-24,"Phones Spectra Pro with 8GB and 256GB, X9 CPU.",4.5,2446,8GB,LPDDR5,256GB,UFS 4.0,X9,8,10,0.20,2.222,6.5
373,phones,Spectra-Pro-X9-12G512G-GRN,919.99,GRN,2025-06-01,"Phones Spectra Pro with 12GB and 512GB, X9 CPU.",4.6,2706,12GB,LPDDR5,512GB,UFS 4.0,X9,8,10,0.21,2.167,6.7
374,phones,Spectra-Air2-X9-8G256G-BLK,779.99,BLK,2024-12-18,"Phones Spectra Air2 with 8GB and 256GB, X9 CPU.",4.5,2372,8GB,LPDDR5,256GB,UFS 4.0,X9,8,10,0.20,2.167,6.5
375,phones,Spectra-Air2-X9-12G512G-GLD,909.99,GLD,2025-06-06,"Phones Spectra Air2 with 12GB and 512GB, X9 CPU.",4.6,2631,12GB,LPDDR5,512GB,UFS 4.0,X9,8,10,0.21,2.222,6.7
376,phones,VeloMax-Air-Z10-8G256G-SIL,829.99,SIL,2025-06-07,"Phones VeloMax Air with 8GB and 256GB, Z10 CPU.",4.6,2652,8GB,LPDDR5,256GB,UFS 4.0,Z10,10,12,0.20,2.167,6.5
377,phones,VeloMax-Air-Z10-12G512G-GRY,949.99,GRY,2024-12-29,"Phones VeloMax Air with 12GB and 512GB, Z10 CPU.",4.7,3042,12GB,LPDDR5,512GB,UFS 4.0,Z10,10,12,0.21,2.222,6.7
378,phones,VeloMax-SE-Z10-8G256G-BLU,849.99,BLU,2024-11-05,"Phones VeloMax SE with 8GB and 256GB, Z10 CPU.",4.6,2567,8GB,LPDDR5,256GB,UFS 4.0,Z10,10,12,0.20,2.167,6.5
379,phones,VeloMax-SE-Z10-12G512G-SIL,979.99,SIL,2025-04-22,"Phones VeloMax SE with 12GB and 512GB, Z10 CPU.",4.7,2988,12GB,LPDDR5,512GB,UFS 4.0,Z10,10,12,0.22,2.222,6.7
380,phones,VeloMax-Pro-Z10-8G256G-GRY,889.99,GRY,2024-11-10,"Phones VeloMax Pro with 8GB and 256GB, Z10 CPU.",4.7,2799,8GB,LPDDR5,256GB,UFS 4.0,Z10,10,12,0.21,2.167,6.6
381,phones,VeloMax-Pro-Z10-12G512G-BLK,999.99,BLK,2025-04-28,"Phones VeloMax Pro with 12GB and 512GB, Z10 CPU.",4.8,3121,12GB,LPDDR5,512GB,UFS 4.0,Z10,10,12,0.22,2.222,6.8
382,phones,AuroraPhone-VX-A19-8G128G-BLK,699.99,BLK,2025-02-05,"Phones AuroraPhone VX with 8GB and 128GB, A19 CPU.",4.3,982,8GB,LPDDR5,128GB,UFS 3.1,A19,8,6,0.182,2.167,6.1
383,phones,AuroraPhone-VX-A19-12G256G-BLU,799.99,BLU,2024-11-18,"Phones AuroraPhone VX with 12GB and 256GB, A19 CPU.",4.4,1145,12GB,LPDDR5,256GB,UFS 3.1,A19,8,6,0.188,2.167,6.3
384,phones,AuroraPhone-VX-A19-16G512G-RED,899.99,RED,2025-04-09,"Phones AuroraPhone VX with 16GB and 512GB, A19 CPU.",4.5,1268,16GB,LPDDR5,512GB,UFS 3.1,A19,8,6,0.195,2.167,6.5
385,phones,PixelWave-SE-A17-6G128G-SIL,549.99,SIL,2024-09-27,"Phones PixelWave SE with 6GB and 128GB, A17 CPU.",4.1,832,6GB,LPDDR4X,128GB,UFS 2.2,A17,6,4,0.176,2.167,6.0
386,phones,PixelWave-SE-A17-8G256G-GRY,599.99,GRY,2025-01-15,"Phones PixelWave SE with 8GB and 256GB, A17 CPU.",4.2,947,8GB,LPDDR4X,256GB,UFS 2.2,A17,6,4,0.181,2.167,6.2
387,phones,PixelWave-SE-A17-12G512G-BLK,699.99,BLK,2024-08-08,"Phones PixelWave SE with 12GB and 512GB, A17 CPU.",4.3,1054,12GB,LPDDR4X,512GB,UFS 2.2,A17,6,4,0.187,2.167,6.4
388,phones,NovaPulse-MX-A21-8G256G-BLU,849.99,BLU,2025-03-03,"Phones NovaPulse MX with 8GB and 256GB, A21 CPU.",4.4,1198,8GB,LPDDR5,256GB,UFS 3.1,A21,8,8,0.190,2.167,6.5
389,phones,NovaPulse-MX-A21-12G512G-WHT,949.99,WHT,2024-10-20,"Phones NovaPulse MX with 12GB and 512GB, A21 CPU.",4.5,1321,12GB,LPDDR5,512GB,UFS 3.1,A21,8,8,0.196,2.167,6.6
390,phones,NovaPulse-MX-A21-16G1T-GLD,1049.99,GLD,2025-05-12,"Phones NovaPulse MX with 16GB and 1TB, A21 CPU.",4.6,1450,16GB,LPDDR5,1TB,UFS 3.1,A21,8,8,0.202,2.167,6.7
391,phones,StreamPhone-Lite-A15-4G64G-GRN,349.99,GRN,2024-07-14,"Phones StreamPhone Lite with 4GB and 64GB, A15 CPU.",4.0,564,4GB,LPDDR4X,64GB,UFS 2.1,A15,4,3,0.165,2.167,5.9
392,phones,StreamPhone-Lite-A15-6G128G-BLU,399.99,BLU,2025-02-28,"Phones StreamPhone Lite with 6GB and 128GB, A15 CPU.",4.1,642,6GB,LPDDR4X,128GB,UFS 2.1,A15,4,3,0.170,2.167,6.0
393,phones,StreamPhone-Lite-A15-8G256G-RED,449.99,RED,2024-11-02,"Phones StreamPhone Lite with 8GB and 256GB, A15 CPU.",4.2,715,8GB,LPDDR4X,256GB,UFS 2.1,A15,4,3,0.175,2.167,6.1
394,phones,ZenithOne-Pro-A20-12G256G-BLK,899.99,BLK,2025-04-21,"Phones ZenithOne Pro with 12GB and 256GB, A20 CPU.",4.5,1289,12GB,LPDDR5,256GB,UFS 3.1,A20,8,8,0.192,2.167,6.6
395,phones,ZenithOne-Pro-A20-16G512G-SIL,999.99,SIL,2024-09-05,"Phones ZenithOne Pro with 16GB and 512GB, A20 CPU.",4.6,1410,16GB,LPDDR5,512GB,UFS 3.1,A20,8,8,0.198,2.167,6.7
396,phones,ZenithOne-Pro-A20-16G1T-GRY,1099.99,GRY,2025-01-30,"Phones ZenithOne Pro with 16GB and 1TB, A20 CPU.",4.7,1532,16GB,LPDDR5,1TB,UFS 3.1,A20,8,8,0.204,2.167,6.8
397,phones,FusionEdge-SE-A18-6G128G-BLU,529.99,BLU,2024-08-16,"Phones FusionEdge SE with 6GB and 128GB, A18 CPU.",4.2,789,6GB,LPDDR4X,128GB,UFS 2.2,A18,6,5,0.178,2.167,6.1
398,phones,FusionEdge-SE-A18-8G256G-WHT,579.99,WHT,2025-03-18,"Phones FusionEdge SE with 8GB and 256GB, A18 CPU.",4.3,864,8GB,LPDDR4X,256GB,UFS 2.2,A18,6,5,0.183,2.167,6.2
399,phones,FusionEdge-SE-A18-12G512G-GLD,679.99,GLD,2024-10-11,"Phones FusionEdge SE with 12GB and 512GB, A18 CPU.",4.4,942,12GB,LPDDR4X,512GB,UFS 2.2,A18,6,5,0.189,2.167,6.4
400,phones,CorePhone-Mini-A14-4G64G-BLK,329.99,BLK,2025-05-06,"Phones CorePhone Mini with 4GB and 64GB, A14 CPU.",4.0,502,4GB,LPDDR4X,64GB,UFS 2.1,A14,4,3,0.162,2.167,5.8
401,phones,CorePhone-Mini-A14-6G128G-BLU,379.99,BLU,2024-07-23,"Phones CorePhone Mini with 6GB and 128GB, A14 CPU.",4.1,581,6GB,LPDDR4X,128GB,UFS 2.1,A14,4,3,0.167,2.167,5.9
402,phones,CorePhone-Mini-A14-8G256G-RED,429.99,RED,2025-02-09,"Phones CorePhone Mini with 8GB and 256GB, A14 CPU.",4.2,654,8GB,LPDDR4X,256GB,UFS 2.1,A14,4,3,0.172,2.167,6.0
403,computers,TerraBook-Air-M5-16G512G-SIL,1599.99,SIL,2025-03-11,"Computers TerraBook Air with 16GB and 512GB, M5 CPU.",4.5,1654,16GB,DDR5,512GB,NVMe SSD,M5,12,16,1.55,1.6,14.1
404,computers,TerraBook-Air-M5-32G1T-BLK,1899.99,BLK,2024-09-14,"Computers TerraBook Air with 32GB and 1TB, M5 CPU.",4.6,1982,32GB,DDR5,1TB,NVMe SSD,M5,12,16,1.73,1.6,15.0
405,computers,VectorPro-SE-X10-24G512G-BLU,1449.99,BLU,2025-04-02,"Computers VectorPro SE with 24GB and 512GB, X10 CPU.",4.4,1420,24GB,DDR5,512GB,NVMe SSD,X10,10,14,1.60,1.5,14.3
406,computers,VectorPro-SE-X10-32G1T-GLD,1749.99,GLD,2024-11-19,"Computers VectorPro SE with 32GB and 1TB, X10 CPU.",4.5,1768,32GB,DDR5,1TB,NVMe SSD,X10,10,14,1.78,1.5,15.2
407,computers,QuantumEdge-Pro-Z13-16G512G-GRY,1549.99,GRY,2025-05-08,"Computers QuantumEdge Pro with 16GB and 512GB, Z13 CPU.",4.5,1832,16GB,DDR5,512GB,NVMe SSD,Z13,10,12,1.58,1.6,14.4
408,computers,QuantumEdge-Pro-Z13-32G1T-SIL,1849.99,SIL,2024-08-29,"Computers QuantumEdge Pro with 32GB and 1TB, Z13 CPU.",4.6,2150,32GB,DDR5,1TB,NVMe SSD,Z13,10,12,1.76,1.6,15.1
409,tablets,NovaTab-Air-A20-8G128G-BLK,479.99,BLK,2025-02-22,"Tablets NovaTab Air with 8GB and 128GB, A20 CPU.",4.3,1012,8GB,LPDDR5,128GB,SSD,A20,6,6,0.57,1.333,11.3
410,tablets,NovaTab-Air-A20-12G256G-BLU,579.99,BLU,2024-10-17,"Tablets NovaTab Air with 12GB and 256GB, A20 CPU.",4.4,1184,12GB,LPDDR5,256GB,SSD,A20,6,6,0.63,1.333,12.1
411,tablets,AstraPad-Pro-A18-4G64G-GRY,309.99,GRY,2024-07-21,"Tablets AstraPad Pro with 4GB and 64GB, A18 CPU.",4.0,546,4GB,LPDDR5,64GB,SSD,A18,6,5,0.49,1.6,10.4
412,tablets,AstraPad-Pro-A18-8G128G-RED,359.99,RED,2025-04-25,"Tablets AstraPad Pro with 8GB and 128GB, A18 CPU.",4.1,618,8GB,LPDDR5,128GB,SSD,A18,6,5,0.53,1.6,11.0
413,tablets,LyraNote-SE-Z11-12G256G-SIL,639.99,SIL,2025-05-29,"Tablets LyraNote SE with 12GB and 256GB, Z11 CPU.",4.5,902,12GB,LPDDR5,256GB,SSD,Z11,10,12,0.67,1.6,12.6
414,tablets,LyraNote-SE-Z11-16G512G-BLK,739.99,BLK,2024-09-03,"Tablets LyraNote SE with 16GB and 512GB, Z11 CPU.",4.6,1058,16GB,LPDDR5,512GB,SSD,Z11,10,12,0.73,1.6,13.3
415,phones,AuroraPhone-SE-A18-8G128G-BLK,719.99,BLK,2025-03-07,"Phones AuroraPhone SE with 8GB and 128GB, A18 CPU.",4.3,994,8GB,LPDDR5,128GB,UFS 3.1,A18,8,6,0.183,2.167,6.2
416,phones,AuroraPhone-SE-A18-12G256G-BLU,819.99,BLU,2024-11-25,"Phones AuroraPhone SE with 12GB and 256GB, A18 CPU.",4.4,1128,12GB,LPDDR5,256GB,UFS 3.1,A18,8,6,0.189,2.167,6.4
417,phones,PixelWave-Pro-A20-6G128G-SIL,569.99,SIL,2025-01-19,"Phones PixelWave Pro with 6GB and 128GB, A20 CPU.",4.1,846,6GB,LPDDR4X,128GB,UFS 2.2,A20,6,4,0.177,2.167,6.0
418,phones,PixelWave-Pro-A20-8G256G-GRY,619.99,GRY,2024-08-14,"Phones PixelWave Pro with 8GB and 256GB, A20 CPU.",4.2,961,8GB,LPDDR4X,256GB,UFS 2.2,A20,6,4,0.182,2.167,6.1
419,phones,NovaPulse-SE-A22-8G256G-BLU,869.99,BLU,2025-04-13,"Phones NovaPulse SE with 8GB and 256GB, A22 CPU.",4.4,1210,8GB,LPDDR5,256GB,UFS 3.1,A22,8,8,0.191,2.167,6.5
420,phones,NovaPulse-SE-A22-12G512G-WHT,969.99,WHT,2024-10-09,"Phones NovaPulse SE with 12GB and 512GB, A22 CPU.",4.5,1333,12GB,LPDDR5,512GB,UFS 3.1,A22,8,8,0.197,2.167,6.6
421,phones,StreamPhone-Pro-A16-4G64G-GRN,369.99,GRN,2025-02-26,"Phones StreamPhone Pro with 4GB and 64GB, A16 CPU.",4.0,578,4GB,LPDDR4X,64GB,UFS 2.1,A16,4,3,0.166,2.167,5.9
422,phones,StreamPhone-Pro-A16-6G128G-BLU,419.99,BLU,2024-07-31,"Phones StreamPhone Pro with 6GB and 128GB, A16 CPU.",4.1,656,6GB,LPDDR4X,128GB,UFS 2.1,A16,4,3,0.171,2.167,6.0
423,phones,ZenithOne-SE-A21-12G256G-BLK,919.99,BLK,2025-05-15,"Phones ZenithOne SE with 12GB and 256GB, A21 CPU.",4.5,1302,12GB,LPDDR5,256GB,UFS 3.1,A21,8,8,0.193,2.167,6.6
424,phones,ZenithOne-SE-A21-16G512G-SIL,1019.99,SIL,2024-09-07,"Phones ZenithOne SE with 16GB and 512GB, A21 CPU.",4.6,1424,16GB,LPDDR5,512GB,UFS 3.1,A21,8,8,0.199,2.167,6.7
